{"DDM\/FEP\/MBAR\/FM\/RW[pm6s6]":{"sid":"28","RMSE":2.4563067514,"RMSE_lower_bound":1.2588302764,"RMSE_upper_bound":3.9863973424,"MAE":2.0271428571,"MAE_lower_bound":1.0033712159,"MAE_upper_bound":3.5582936959,"ME":0.6757142857,"ME_lower_bound":-1.3844998552,"ME_upper_bound":2.7243235145,"R2":0.5949153857,"R2_lower_bound":0.0291636543,"R2_upper_bound":0.9769969849,"m":1.2211780396,"m_lower_bound":-0.1126181981,"m_upper_bound":2.3252152305,"kendall_tau":0.5238095238,"kendall_tau_lower_bound":-0.3333333333,"kendall_tau_upper_bound":1.0},"SILCS\/LGFE\/TIP3P\/GCMC-MD":{"sid":"3","RMSE":3.0599626515,"RMSE_lower_bound":1.6163441929,"RMSE_upper_bound":5.0503475121,"MAE":2.5942857143,"MAE_lower_bound":1.301839322,"MAE_upper_bound":4.6235552729,"ME":-2.46,"ME_lower_bound":-4.478596163,"ME_upper_bound":-0.3958989445,"R2":0.3977165071,"R2_lower_bound":0.0008780413,"R2_upper_bound":0.9680488935,"m":0.2889039406,"m_lower_bound":-0.5341319108,"m_upper_bound":1.1515996552,"kendall_tau":0.4285714286,"kendall_tau_lower_bound":-0.6842105263,"kendall_tau_upper_bound":1.0},"DDM\/FEP\/MBAR\/FM\/[mp2,b3lyp]":{"sid":"15","RMSE":3.7694050307,"RMSE_lower_bound":2.4607713824,"RMSE_upper_bound":5.2050375774,"MAE":3.3871428571,"MAE_lower_bound":2.0462102372,"MAE_upper_bound":4.9285696035,"ME":2.5042857143,"ME_lower_bound":-0.0062897451,"ME_upper_bound":4.6753178898,"R2":0.1975004287,"R2_lower_bound":0.0013976704,"R2_upper_bound":0.9617952446,"m":0.5725668873,"m_lower_bound":-0.3453378122,"m_upper_bound":2.3442417417,"kendall_tau":0.5238095238,"kendall_tau_lower_bound":-0.3333333333,"kendall_tau_upper_bound":1.0},"DDM-SAMS\/GAFF-DMBIS\/TIP3P\/MCMC-SAMS\/":{"sid":"2","RMSE":3.8221983203,"RMSE_lower_bound":2.3105893046,"RMSE_upper_bound":5.4257211209,"MAE":3.2514285714,"MAE_lower_bound":1.785396042,"MAE_upper_bound":5.0331561589,"ME":1.7371428571,"ME_lower_bound":-1.1302465764,"ME_upper_bound":4.2863311065,"R2":0.1109776589,"R2_lower_bound":0.00036008,"R2_upper_bound":0.951951538,"m":0.4941864541,"m_lower_bound":-1.2397911535,"m_upper_bound":2.4122099047,"kendall_tau":0.0476190476,"kendall_tau_lower_bound":-0.6470588235,"kendall_tau_upper_bound":0.8666666667},"GFN2-xTB\/MetaMD\/GBSA\/ensemble\/Nobuffer":{"sid":"1","RMSE":4.0591413589,"RMSE_lower_bound":2.5165271144,"RMSE_upper_bound":5.7307729987,"MAE":3.6,"MAE_lower_bound":2.0041481629,"MAE_upper_bound":5.3738504579,"ME":2.8942857143,"ME_lower_bound":0.4264793369,"ME_upper_bound":5.1611867555,"R2":0.0090667185,"R2_lower_bound":0.0001817147,"R2_upper_bound":0.9207027369,"m":0.0799976007,"m_lower_bound":-0.8386717412,"m_upper_bound":1.1303079117,"kendall_tau":-0.0476190476,"kendall_tau_lower_bound":-0.7894736842,"kendall_tau_upper_bound":0.8666666667},"US\/GAFF-AM1BCC\/TIP3P\/HRE-MD\/emp_corr":{"sid":"11","RMSE":4.1462737143,"RMSE_lower_bound":1.9511541891,"RMSE_upper_bound":6.433359093,"MAE":3.37,"MAE_lower_bound":1.5890159387,"MAE_upper_bound":5.5919894877,"ME":2.1957142857,"ME_lower_bound":-0.6179159126,"ME_upper_bound":5.0690447397,"R2":0.7442472516,"R2_lower_bound":0.2918935047,"R2_upper_bound":0.985092457,"m":1.9959473439,"m_lower_bound":0.8803282116,"m_upper_bound":3.8624944657,"kendall_tau":0.4285714286,"kendall_tau_lower_bound":-0.1428571429,"kendall_tau_upper_bound":1.0},"GAFF-RESP\/TIP3P\/MD-Classical\/xtb-GFN2B":{"sid":"7","RMSE":4.6039967109,"RMSE_lower_bound":2.4400102309,"RMSE_upper_bound":6.7902756278,"MAE":3.87,"MAE_lower_bound":2.0616813457,"MAE_upper_bound":6.0343586692,"ME":1.4985714286,"ME_lower_bound":-1.8316072504,"ME_upper_bound":4.8744652403,"R2":0.0136769603,"R2_lower_bound":0.0002190082,"R2_upper_bound":0.9163688978,"m":-0.175999785,"m_lower_bound":-1.6110690879,"m_upper_bound":1.4636851293,"kendall_tau":-0.2380952381,"kendall_tau_lower_bound":-1.0,"kendall_tau_upper_bound":0.6},"MD\/fmB3LYP(H)-fmMP2(G)\/TIP3P\/REUS\/":{"sid":"13","RMSE":4.6831109929,"RMSE_lower_bound":3.204838699,"RMSE_upper_bound":6.240101578,"MAE":4.27,"MAE_lower_bound":2.619032484,"MAE_upper_bound":5.9963505899,"ME":2.5242857143,"ME_lower_bound":-0.8843493686,"ME_upper_bound":5.2821172483,"R2":0.1598861327,"R2_lower_bound":0.0018572879,"R2_upper_bound":0.9301866398,"m":0.7433809863,"m_lower_bound":-0.3012936121,"m_upper_bound":3.1804724982,"kendall_tau":0.3333333333,"kendall_tau_lower_bound":-0.3684210526,"kendall_tau_upper_bound":1.0},"ABFE\/Parsley-GAFF-BCC\/TIP3P\/MD\/NoBuffer1":{"sid":"30","RMSE":5.7210213873,"RMSE_lower_bound":3.2226421959,"RMSE_upper_bound":13.2067256612,"MAE":5.16,"MAE_lower_bound":2.5432920329,"MAE_upper_bound":11.9201282174,"ME":5.16,"ME_lower_bound":-1.1544161791,"ME_upper_bound":11.3724104993,"R2":0.2215263307,"R2_lower_bound":0.000531954,"R2_upper_bound":0.9573528924,"m":0.5141622901,"m_lower_bound":-2.5139191805,"m_upper_bound":3.7658443501,"kendall_tau":0.3333333333,"kendall_tau_lower_bound":-0.8823529412,"kendall_tau_upper_bound":1.0},"EE-MCC\/GAFF2-AM1-BCC\/TIP3P\/MD\/":{"sid":"6","RMSE":6.6439489118,"RMSE_lower_bound":4.3682790228,"RMSE_upper_bound":8.8438877664,"MAE":5.9657142857,"MAE_lower_bound":3.5906020407,"MAE_upper_bound":8.3941559664,"ME":5.9657142857,"ME_lower_bound":3.3517168687,"ME_upper_bound":8.3911277715,"R2":0.4797391553,"R2_lower_bound":0.0436995471,"R2_upper_bound":0.9540713812,"m":1.2101141521,"m_lower_bound":0.1510177454,"m_upper_bound":2.5841129338,"kendall_tau":0.3903600292,"kendall_tau_lower_bound":-0.25,"kendall_tau_upper_bound":1.0}}