{"DDM\/FEP\/MBAR\/FM\/RW[pm6s6]":{"sid":"28","RMSE":2.5014526025,"RMSE_lower_bound":1.3744934055,"RMSE_upper_bound":4.0199196783,"MAE":2.1692578211,"MAE_lower_bound":1.1021447585,"MAE_upper_bound":3.6324312826,"ME":0.6593655259,"ME_lower_bound":-1.3419673291,"ME_upper_bound":2.7815260848,"R2":0.5733835944,"R2_lower_bound":0.0245208453,"R2_upper_bound":0.9741683371,"m":1.2056804611,"m_lower_bound":-0.1101871629,"m_upper_bound":2.3270981851,"kendall_tau":0.4285714286,"kendall_tau_lower_bound":-0.3684210526,"kendall_tau_upper_bound":1.0},"SILCS\/LGFE\/TIP3P\/GCMC-MD":{"sid":"3","RMSE":3.0706262187,"RMSE_lower_bound":1.688089163,"RMSE_upper_bound":5.0577737365,"MAE":2.5716095422,"MAE_lower_bound":1.316948056,"MAE_upper_bound":4.5808274964,"ME":-2.4763487599,"ME_lower_bound":-4.4715103032,"ME_upper_bound":-0.4665523313,"R2":0.3907286531,"R2_lower_bound":0.0008999472,"R2_upper_bound":0.9646888569,"m":0.2879801102,"m_lower_bound":-0.5380414361,"m_upper_bound":1.1419408772,"kendall_tau":0.3333333333,"kendall_tau_lower_bound":-0.6842105263,"kendall_tau_upper_bound":1.0},"DDM\/FEP\/MBAR\/FM\/[mp2,b3lyp]":{"sid":"15","RMSE":3.7527736184,"RMSE_lower_bound":2.4341088065,"RMSE_upper_bound":5.1832010388,"MAE":3.3693751841,"MAE_lower_bound":2.0064793055,"MAE_upper_bound":4.9306228908,"ME":2.4879369544,"ME_lower_bound":0.0452108502,"ME_upper_bound":4.6507675659,"R2":0.1987186824,"R2_lower_bound":0.0018614191,"R2_upper_bound":0.9627171316,"m":0.5775901291,"m_lower_bound":-0.3360831828,"m_upper_bound":2.3408607486,"kendall_tau":0.4285714286,"kendall_tau_lower_bound":-0.4117647059,"kendall_tau_upper_bound":1.0},"DDM-SAMS\/GAFF-DMBIS\/TIP3P\/MCMC-SAMS\/":{"sid":"2","RMSE":3.7992439883,"RMSE_lower_bound":2.3391374431,"RMSE_upper_bound":5.3480173614,"MAE":3.2350862706,"MAE_lower_bound":1.7844803874,"MAE_upper_bound":5.0307635439,"ME":1.7207940973,"ME_lower_bound":-1.0544631947,"ME_upper_bound":4.2420217422,"R2":0.1148320201,"R2_lower_bound":0.0003984434,"R2_upper_bound":0.9470794586,"m":0.50554843,"m_lower_bound":-1.0339507587,"m_upper_bound":2.5278910394,"kendall_tau":0.1428571429,"kendall_tau_lower_bound":-0.6,"kendall_tau_upper_bound":1.0},"GFN2-xTB\/MetaMD\/GBSA\/ensemble\/Nobuffer":{"sid":"1","RMSE":4.0322416759,"RMSE_lower_bound":2.5100006851,"RMSE_upper_bound":5.638638682,"MAE":3.5850766124,"MAE_lower_bound":1.9831165119,"MAE_upper_bound":5.289282803,"ME":2.8779369544,"ME_lower_bound":0.4590748129,"ME_upper_bound":5.125610946,"R2":0.0106306973,"R2_lower_bound":0.0002472857,"R2_upper_bound":0.9223670431,"m":0.0871146065,"m_lower_bound":-0.8543351478,"m_upper_bound":1.1816016951,"kendall_tau":0.0476190476,"kendall_tau_lower_bound":-0.8181818182,"kendall_tau_upper_bound":0.8823529412},"US\/GAFF-AM1BCC\/TIP3P\/HRE-MD\/emp_corr":{"sid":"11","RMSE":4.1259536056,"RMSE_lower_bound":2.0272221324,"RMSE_upper_bound":6.3645142358,"MAE":3.3912572589,"MAE_lower_bound":1.6572214479,"MAE_upper_bound":5.5633209586,"ME":2.1793655259,"ME_lower_bound":-0.7274209023,"ME_upper_bound":4.9837756006,"R2":0.7554278673,"R2_lower_bound":0.3009973152,"R2_upper_bound":0.9885731187,"m":2.0222980682,"m_lower_bound":0.9146614626,"m_upper_bound":3.914290239,"kendall_tau":0.5238095238,"kendall_tau_lower_bound":-0.0588235294,"kendall_tau_upper_bound":1.0},"LiGaMD\/q4MD\/TIP4P\/enhanced-sampling":{"sid":"16","RMSE":4.2273703775,"RMSE_lower_bound":2.4197995818,"RMSE_upper_bound":6.3025975956,"MAE":3.5910192448,"MAE_lower_bound":1.9051533456,"MAE_upper_bound":5.7431369524,"ME":-2.3692059027,"ME_lower_bound":-5.228973131,"ME_upper_bound":0.512176698,"R2":0.0157958634,"R2_lower_bound":0.0002836679,"R2_upper_bound":0.9396067443,"m":-0.1319420818,"m_lower_bound":-1.7415451226,"m_upper_bound":1.1807578056,"kendall_tau":-0.1428571429,"kendall_tau_lower_bound":-0.8823529412,"kendall_tau_upper_bound":0.7894736842},"GAFF-RESP\/TIP3P\/MD-Classical\/xtb-GFN2B":{"sid":"7","RMSE":4.567857831,"RMSE_lower_bound":2.5130705024,"RMSE_upper_bound":6.772430333,"MAE":3.8545416468,"MAE_lower_bound":2.1124002995,"MAE_upper_bound":6.0643150997,"ME":1.4822226687,"ME_lower_bound":-1.8301429448,"ME_upper_bound":4.7974644741,"R2":0.0106800678,"R2_lower_bound":0.0001998617,"R2_upper_bound":0.933900184,"m":-0.1564092937,"m_lower_bound":-1.7054217667,"m_upper_bound":1.466312825,"kendall_tau":-0.1428571429,"kendall_tau_lower_bound":-1.0,"kendall_tau_upper_bound":0.6},"MD\/fmB3LYP(H)-fmMP2(G)\/TIP3P\/REUS\/":{"sid":"13","RMSE":4.6387526409,"RMSE_lower_bound":3.2135814263,"RMSE_upper_bound":6.1113602786,"MAE":4.252232327,"MAE_lower_bound":2.6941107194,"MAE_upper_bound":5.8829415026,"ME":2.5079369544,"ME_lower_bound":-0.7968513598,"ME_upper_bound":5.1936530559,"R2":0.1732065019,"R2_lower_bound":0.0025680728,"R2_upper_bound":0.9448975651,"m":0.7781195935,"m_lower_bound":-0.2875983433,"m_upper_bound":3.3440062705,"kendall_tau":0.4285714286,"kendall_tau_lower_bound":-0.2941176471,"kendall_tau_upper_bound":1.0},"ABFE\/Parsley-GAFF-BCC\/TIP3P\/MD\/NoBuffer1":{"sid":"30","RMSE":5.7051581456,"RMSE_lower_bound":3.1374607881,"RMSE_upper_bound":13.1925915954,"MAE":5.1436512401,"MAE_lower_bound":2.5136162228,"MAE_upper_bound":11.9048725978,"ME":5.1436512401,"ME_lower_bound":-0.9297127044,"ME_upper_bound":11.3703106214,"R2":0.2202245532,"R2_lower_bound":0.0005069767,"R2_upper_bound":0.9573092101,"m":0.5155592927,"m_lower_bound":-2.5031812069,"m_upper_bound":3.7300596384,"kendall_tau":0.2380952381,"kendall_tau_lower_bound":-0.8666666667,"kendall_tau_upper_bound":1.0},"EE-MCC\/GAFF2-AM1-BCC\/TIP3P\/MD\/":{"sid":"6","RMSE":6.6226035064,"RMSE_lower_bound":4.4005657134,"RMSE_upper_bound":8.8635304762,"MAE":5.9493655259,"MAE_lower_bound":3.6337550372,"MAE_upper_bound":8.4537216579,"ME":5.9493655259,"ME_lower_bound":3.3984495343,"ME_upper_bound":8.4456181769,"R2":0.4874533896,"R2_lower_bound":0.045238936,"R2_upper_bound":0.9577823804,"m":1.2267286561,"m_lower_bound":0.0885317457,"m_upper_bound":2.5444472387,"kendall_tau":0.3903600292,"kendall_tau_lower_bound":-0.2941176471,"kendall_tau_upper_bound":1.0}}