{"DDM\/FEP\/MBAR\/FM\/RW[pm6s6]":{"sid":"28","RMSE":2.4565724667,"RMSE_lower_bound":1.2686954486,"RMSE_upper_bound":3.969777218,"MAE":2.028085196,"MAE_lower_bound":1.0057642718,"MAE_upper_bound":3.5255846602,"ME":0.6745080807,"ME_lower_bound":-1.339447582,"ME_upper_bound":2.6897604241,"R2":0.5943934416,"R2_lower_bound":0.0357840822,"R2_upper_bound":0.9750574104,"m":1.2192248387,"m_lower_bound":-0.1489826391,"m_upper_bound":2.3424982501,"kendall_tau":0.5238095238,"kendall_tau_lower_bound":-0.3684210526,"kendall_tau_upper_bound":1.0},"SILCS\/LGFE\/TIP3P\/GCMC-MD":{"sid":"3","RMSE":3.0616573367,"RMSE_lower_bound":1.6446485956,"RMSE_upper_bound":5.1291648186,"MAE":2.5950072196,"MAE_lower_bound":1.3087389683,"MAE_upper_bound":4.654443168,"ME":-2.461206205,"ME_lower_bound":-4.4953488518,"ME_upper_bound":-0.4341386823,"R2":0.3988278413,"R2_lower_bound":0.0006731969,"R2_upper_bound":0.9649807461,"m":0.2889713608,"m_lower_bound":-0.5066259496,"m_upper_bound":1.1554740618,"kendall_tau":0.4285714286,"kendall_tau_lower_bound":-0.6666666667,"kendall_tau_upper_bound":1.0},"DDM\/FEP\/MBAR\/FM\/[mp2,b3lyp]":{"sid":"15","RMSE":3.7676782787,"RMSE_lower_bound":2.4850052042,"RMSE_upper_bound":5.2688696036,"MAE":3.384517739,"MAE_lower_bound":2.0360963581,"MAE_upper_bound":4.9792014354,"ME":2.5030795093,"ME_lower_bound":0.0511568199,"ME_upper_bound":4.6880735996,"R2":0.1983027407,"R2_lower_bound":0.0014764263,"R2_upper_bound":0.9680654017,"m":0.573062483,"m_lower_bound":-0.3297585914,"m_upper_bound":2.3644997784,"kendall_tau":0.5238095238,"kendall_tau_lower_bound":-0.3333333333,"kendall_tau_upper_bound":1.0},"DDM-SAMS\/GAFF-DMBIS\/TIP3P\/MCMC-SAMS\/":{"sid":"2","RMSE":3.8218574711,"RMSE_lower_bound":2.265282434,"RMSE_upper_bound":5.430910187,"MAE":3.2502288255,"MAE_lower_bound":1.7376481791,"MAE_upper_bound":5.0639511077,"ME":1.7359366521,"ME_lower_bound":-1.1450636633,"ME_upper_bound":4.2826187295,"R2":0.1111740436,"R2_lower_bound":0.0003371687,"R2_upper_bound":0.9432600502,"m":0.4940491659,"m_lower_bound":-1.1049150398,"m_upper_bound":2.3392953953,"kendall_tau":0.0476190476,"kendall_tau_lower_bound":-0.6470588235,"kendall_tau_upper_bound":0.8666666667},"GFN2-xTB\/MetaMD\/GBSA\/ensemble\/Nobuffer":{"sid":"1","RMSE":4.0586890609,"RMSE_lower_bound":2.5175533597,"RMSE_upper_bound":5.6532684303,"MAE":3.6002191672,"MAE_lower_bound":2.0072294972,"MAE_upper_bound":5.2760004451,"ME":2.8930795093,"ME_lower_bound":0.4758646843,"ME_upper_bound":5.1032030959,"R2":0.0092383367,"R2_lower_bound":0.0002058931,"R2_upper_bound":0.8994739508,"m":0.0806573968,"m_lower_bound":-0.8257563605,"m_upper_bound":1.1236296395,"kendall_tau":-0.0476190476,"kendall_tau_lower_bound":-0.7777777778,"kendall_tau_upper_bound":0.8181818182},"US\/GAFF-AM1BCC\/TIP3P\/HRE-MD\/emp_corr":{"sid":"11","RMSE":4.1433271904,"RMSE_lower_bound":1.9725715065,"RMSE_upper_bound":6.3607570628,"MAE":3.3678595815,"MAE_lower_bound":1.628165559,"MAE_upper_bound":5.5851660811,"ME":2.1945080807,"ME_lower_bound":-0.5962816643,"ME_upper_bound":4.9999892683,"R2":0.7447451775,"R2_lower_bound":0.2942683655,"R2_upper_bound":0.9847289897,"m":1.9942964757,"m_lower_bound":0.8695962625,"m_upper_bound":3.8259537342,"kendall_tau":0.4285714286,"kendall_tau_lower_bound":-0.2,"kendall_tau_upper_bound":1.0},"LiGaMD\/q4MD\/TIP4P\/enhanced-sampling":{"sid":"16","RMSE":4.2785279376,"RMSE_lower_bound":2.4252136579,"RMSE_upper_bound":6.4384201135,"MAE":3.6061617997,"MAE_lower_bound":1.8937883376,"MAE_upper_bound":5.8641692106,"ME":-2.3540633479,"ME_lower_bound":-5.3016007802,"ME_upper_bound":0.555567531,"R2":0.0270901162,"R2_lower_bound":0.0002660036,"R2_upper_bound":0.9555142702,"m":-0.1716146216,"m_lower_bound":-1.8289674489,"m_upper_bound":1.0518893758,"kendall_tau":-0.2380952381,"kendall_tau_lower_bound":-1.0,"kendall_tau_upper_bound":0.7333333333},"GAFF-RESP\/TIP3P\/MD-Classical\/xtb-GFN2B":{"sid":"7","RMSE":4.6033967491,"RMSE_lower_bound":2.507264069,"RMSE_upper_bound":6.8200121077,"MAE":3.8696842016,"MAE_lower_bound":2.0499327789,"MAE_upper_bound":6.0862192482,"ME":1.4973652236,"ME_lower_bound":-1.875035199,"ME_upper_bound":4.9007926702,"R2":0.0134373799,"R2_lower_bound":0.0002245841,"R2_upper_bound":0.9302369321,"m":-0.1742489039,"m_lower_bound":-1.6621250764,"m_upper_bound":1.5190691709,"kendall_tau":-0.2380952381,"kendall_tau_lower_bound":-1.0,"kendall_tau_upper_bound":0.6},"MD\/fmB3LYP(H)-fmMP2(G)\/TIP3P\/REUS\/":{"sid":"13","RMSE":4.681073209,"RMSE_lower_bound":3.1784686326,"RMSE_upper_bound":6.2214233182,"MAE":4.2673748818,"MAE_lower_bound":2.6114708913,"MAE_upper_bound":5.9406890803,"ME":2.5230795093,"ME_lower_bound":-0.8963315783,"ME_upper_bound":5.2452834672,"R2":0.160548047,"R2_lower_bound":0.0017581552,"R2_upper_bound":0.9320766161,"m":0.7440531766,"m_lower_bound":-0.3425061448,"m_upper_bound":3.2004712659,"kendall_tau":0.3333333333,"kendall_tau_lower_bound":-0.3684210526,"kendall_tau_upper_bound":1.0},"ABFE\/Parsley-GAFF-BCC\/TIP3P\/MD\/NoBuffer1":{"sid":"30","RMSE":5.7196635567,"RMSE_lower_bound":3.2058566547,"RMSE_upper_bound":13.2679810341,"MAE":5.158793795,"MAE_lower_bound":2.5804287361,"MAE_upper_bound":11.9203404572,"ME":5.158793795,"ME_lower_bound":-1.0548901373,"ME_upper_bound":11.5392229589,"R2":0.2222672736,"R2_lower_bound":0.0005656332,"R2_upper_bound":0.9603864113,"m":0.5144234022,"m_lower_bound":-2.4667621497,"m_upper_bound":3.8767212122,"kendall_tau":0.3333333333,"kendall_tau_lower_bound":-0.8823529412,"kendall_tau_upper_bound":1.0},"EE-MCC\/GAFF2-AM1-BCC\/TIP3P\/MD\/":{"sid":"6","RMSE":6.6416458433,"RMSE_lower_bound":4.3752472814,"RMSE_upper_bound":8.8404963415,"MAE":5.9645080807,"MAE_lower_bound":3.6023099339,"MAE_upper_bound":8.4388593995,"ME":5.9645080807,"ME_lower_bound":3.366986399,"ME_upper_bound":8.425922476,"R2":0.4807716384,"R2_lower_bound":0.0469852848,"R2_upper_bound":0.9517023278,"m":1.2100089671,"m_lower_bound":0.1443313067,"m_upper_bound":2.6009378486,"kendall_tau":0.3903600292,"kendall_tau_lower_bound":-0.2631578947,"kendall_tau_upper_bound":1.0}}