,Submission,R-squared,Slope,Kendall Tau
0,pKa-3DS-1,0.3005211438874412,0.5301859115981175,0.28723810604540806
