,Submission,R-squared,Slope,Kendall Tau
0,pKa-3DS-1,0.28992076959613955,0.3967807480933626,0.2711961792964914
