,Submission,R-squared,Slope,Kendall Tau
0,pKa-3DS-1,0.28992076959613955,0.3967807480933626,0.2711961792964914
1,pKa-RobertRaddi_DeepGP,0.1491982393117807,0.1376711150542726,0.07595004317667417
2,pKa-ZhiyiWu-1,0.04699601839684022,0.07951472558037356,0.261605704275211
3,PKA_ECRISM,0.17853245247031557,0.3308372759905591,0.2638512879886758
4,pKa_Chemaxon,0.09096849059293972,0.14273072021175381,0.3122390663929938
5,pKa_SabatinoRodriguezPaluch_uESE_extra,0.08988667656089197,0.2186931116913281,0.229805960506266
