,Submission,R-squared,Slope,Kendall Tau
0,pKa-3DS-1,0.5245860054478703,0.9207053521258916,0.40536070267724306
1,pKa-RobertRaddi_DeepGP,-0.09848107595233223,-0.14454850544782252,0.02352971085197877
2,pKa-ZhiyiWu-1,0.1437306658667328,0.3364382103959766,0.210350877437666
3,PKA_ECRISM,0.3190251409344672,0.769303435736348,0.36120401337792646
4,pKa_Chemaxon,0.26281123110470545,0.5193753572304938,0.32545364836392554
5,pKa_SabatinoRodriguezPaluch_uESE_extra,0.28483349687259574,0.8803416494971519,0.30588624107572404
