{"DDM\/AMOEBA\/BAR":{"sid":"44","RMSE":0.8788344554,"RMSE_lower_bound":0.4603278878,"RMSE_upper_bound":1.5810572589,"MAE":0.7175,"MAE_lower_bound":0.3644342783,"MAE_upper_bound":1.3733416332,"ME":0.095,"ME_lower_bound":-0.7345712128,"ME_upper_bound":0.8475716802,"R2":0.7787618576,"R2_lower_bound":0.1752969845,"R2_upper_bound":0.9822218539,"m":0.9748471151,"m_lower_bound":0.4001943261,"m_upper_bound":1.3826250305,"kendall_tau":0.7857142857,"kendall_tau_lower_bound":0.2173913043,"kendall_tau_upper_bound":1.0},"ATM\/GAFF2-AM1BCC\/TIP3P\/HREM":{"sid":"37","RMSE":1.5858593885,"RMSE_lower_bound":1.118382626,"RMSE_upper_bound":4.0205664767,"MAE":1.245,"MAE_lower_bound":0.8600895487,"MAE_upper_bound":3.4491482296,"ME":-0.3875,"ME_lower_bound":-2.3270759354,"ME_upper_bound":1.9208319806,"R2":0.8778192652,"R2_lower_bound":0.137657007,"R2_upper_bound":0.9763911326,"m":1.670708145,"m_lower_bound":0.46919944,"m_upper_bound":3.0256880832,"kendall_tau":0.7142857143,"kendall_tau_lower_bound":0.0,"kendall_tau_upper_bound":1.0},"PMF\/GAFF2-AM1BCC\/TIP3P\/MD-US":{"sid":"38","RMSE":1.5915204994,"RMSE_lower_bound":1.1195936881,"RMSE_upper_bound":4.0638231175,"MAE":1.30875,"MAE_lower_bound":0.8522323205,"MAE_upper_bound":3.5352271486,"ME":-0.15625,"ME_lower_bound":-2.1853893166,"ME_upper_bound":2.1633563487,"R2":0.7858987199,"R2_lower_bound":0.0506923259,"R2_upper_bound":0.9601976066,"m":1.5143534521,"m_lower_bound":0.2988224069,"m_upper_bound":2.8864183316,"kendall_tau":0.7142857143,"kendall_tau_lower_bound":-0.0434782609,"kendall_tau_upper_bound":1.0},"AM1BCC\/MMPBSA\/TIP4PEW\/MD":{"sid":"43","RMSE":2.0535609317,"RMSE_lower_bound":1.2212106966,"RMSE_upper_bound":3.290737049,"MAE":1.64875,"MAE_lower_bound":0.9231837525,"MAE_upper_bound":2.9454504121,"ME":1.04625,"ME_lower_bound":-0.4764313566,"ME_upper_bound":2.5274419974,"R2":0.0170358301,"R2_lower_bound":0.0002623449,"R2_upper_bound":0.8445135047,"m":0.0629974298,"m_lower_bound":-0.6713515151,"m_upper_bound":0.7151922337,"kendall_tau":0.1818482419,"kendall_tau_lower_bound":-0.7272727273,"kendall_tau_upper_bound":0.8333333333},"ML\/NNET\/CORINA-descriptors-8":{"sid":"39","RMSE":2.3910902325,"RMSE_lower_bound":1.4158705859,"RMSE_upper_bound":3.834542818,"MAE":2.16375,"MAE_lower_bound":1.1157646416,"MAE_upper_bound":3.510281715,"ME":0.58125,"ME_lower_bound":-1.3548995594,"ME_upper_bound":2.5002209704,"R2":0.5961505886,"R2_lower_bound":0.0013111849,"R2_upper_bound":0.9339962127,"m":-0.3505096162,"m_lower_bound":-1.1274977562,"m_upper_bound":0.3918800968,"kendall_tau":-0.6428571429,"kendall_tau_lower_bound":-1.0,"kendall_tau_upper_bound":0.5833333333},"SILCS\/LGFE\/TIP3P\/GCMC-MD":{"sid":"36","RMSE":2.4016400646,"RMSE_lower_bound":1.3929980943,"RMSE_upper_bound":3.7860241418,"MAE":2.1,"MAE_lower_bound":1.1145880066,"MAE_upper_bound":3.3723274353,"ME":-0.2425,"ME_lower_bound":-2.1846724711,"ME_upper_bound":1.6609708926,"R2":0.2566097869,"R2_lower_bound":0.0005431128,"R2_upper_bound":0.900147785,"m":-0.3166312151,"m_lower_bound":-1.0653430195,"m_upper_bound":0.4330743428,"kendall_tau":-0.2857142857,"kendall_tau_lower_bound":-1.0,"kendall_tau_upper_bound":0.5238095238},"DDM\/C36\/TIP3P\/MD\/MBAR":{"sid":"45","RMSE":4.5151578046,"RMSE_lower_bound":2.0183949507,"RMSE_upper_bound":6.7165442642,"MAE":3.455,"MAE_lower_bound":1.6419720093,"MAE_upper_bound":5.8688707118,"ME":-3.455,"ME_lower_bound":-5.8247847927,"ME_upper_bound":-1.319766675,"R2":0.0447855444,"R2_lower_bound":0.0003442411,"R2_upper_bound":0.7770596105,"m":0.3470708145,"m_lower_bound":-0.981522098,"m_upper_bound":1.9327574083,"kendall_tau":0.2857142857,"kendall_tau_lower_bound":-0.5652173913,"kendall_tau_upper_bound":0.9047619048},"MD\/ParamChem\/TIP3P\/REUS\/":{"sid":"46","RMSE":4.9091458015,"RMSE_lower_bound":2.4995221227,"RMSE_upper_bound":7.0948916915,"MAE":3.95125,"MAE_lower_bound":1.9911226425,"MAE_upper_bound":6.2838754771,"ME":-3.89875,"ME_lower_bound":-6.2296707374,"ME_upper_bound":-1.695277219,"R2":0.0129140604,"R2_lower_bound":0.0001910556,"R2_upper_bound":0.6922615576,"m":0.1802357529,"m_lower_bound":-1.21181063,"m_upper_bound":1.6169156731,"kendall_tau":0.0363696484,"kendall_tau_lower_bound":-0.6,"kendall_tau_upper_bound":0.75}}