{"DDM\/AMOEBA\/BAR":{"sid":"44","RMSE":0.8788344554,"RMSE_lower_bound":0.4556842709,"RMSE_upper_bound":1.5573527739,"MAE":0.7175,"MAE_lower_bound":0.3641804396,"MAE_upper_bound":1.3632155656,"ME":0.095,"ME_lower_bound":-0.7169451796,"ME_upper_bound":0.8360869562,"R2":0.7787618576,"R2_lower_bound":0.1985968722,"R2_upper_bound":0.9842920415,"m":0.9748471151,"m_lower_bound":0.4286673737,"m_upper_bound":1.3791153894,"kendall_tau":0.7857142857,"kendall_tau_lower_bound":0.2380952381,"kendall_tau_upper_bound":1.0},"ATM\/GAFF2-AM1BCC\/TIP3P\/HREM":{"sid":"37","RMSE":1.5858593885,"RMSE_lower_bound":1.1014487772,"RMSE_upper_bound":3.9571182961,"MAE":1.245,"MAE_lower_bound":0.8719353256,"MAE_upper_bound":3.4267881453,"ME":-0.3875,"ME_lower_bound":-2.3341305021,"ME_upper_bound":1.8333106379,"R2":0.8778192652,"R2_lower_bound":0.1398766111,"R2_upper_bound":0.9775327789,"m":1.670708145,"m_lower_bound":0.464301276,"m_upper_bound":3.0325131669,"kendall_tau":0.7142857143,"kendall_tau_lower_bound":0.0,"kendall_tau_upper_bound":1.0},"PMF\/GAFF2-AM1BCC\/TIP3P\/MD-US":{"sid":"38","RMSE":1.5915204994,"RMSE_lower_bound":1.1315463066,"RMSE_upper_bound":4.0206910309,"MAE":1.30875,"MAE_lower_bound":0.8819832524,"MAE_upper_bound":3.5321309882,"ME":-0.15625,"ME_lower_bound":-2.1664512576,"ME_upper_bound":2.034506141,"R2":0.7858987199,"R2_lower_bound":0.0565772468,"R2_upper_bound":0.965577096,"m":1.5143534521,"m_lower_bound":0.3017099216,"m_upper_bound":2.9689512207,"kendall_tau":0.7142857143,"kendall_tau_lower_bound":-0.0833333333,"kendall_tau_upper_bound":1.0},"AM1BCC\/MMPBSA\/TIP4PEW\/MD_NR3":{"sid":"42","RMSE":1.9831067798,"RMSE_lower_bound":1.148987639,"RMSE_upper_bound":3.279551861,"MAE":1.68625,"MAE_lower_bound":0.9087556885,"MAE_upper_bound":2.9564886371,"ME":0.76875,"ME_lower_bound":-0.8233389567,"ME_upper_bound":2.3514363225,"R2":0.0023859097,"R2_lower_bound":0.0002529918,"R2_upper_bound":0.8270511821,"m":0.02351325,"m_lower_bound":-0.7475159566,"m_upper_bound":0.6996531392,"kendall_tau":0.1818482419,"kendall_tau_lower_bound":-0.76,"kendall_tau_upper_bound":0.8181818182},"AM1BCC\/MMPBSA\/TIP4PEW\/MD":{"sid":"43","RMSE":2.0535609317,"RMSE_lower_bound":1.1986870971,"RMSE_upper_bound":3.2978527019,"MAE":1.64875,"MAE_lower_bound":0.9052911116,"MAE_upper_bound":2.9663810559,"ME":1.04625,"ME_lower_bound":-0.5210899667,"ME_upper_bound":2.5666992414,"R2":0.0170358301,"R2_lower_bound":0.0003005507,"R2_upper_bound":0.8493331258,"m":0.0629974298,"m_lower_bound":-0.6608742076,"m_upper_bound":0.7507456825,"kendall_tau":0.1818482419,"kendall_tau_lower_bound":-0.7142857143,"kendall_tau_upper_bound":0.8333333333},"AM1BCC\/MMPBSA\/TIP4PEW\/MD_NR2":{"sid":"41","RMSE":2.1025549933,"RMSE_lower_bound":1.1971106105,"RMSE_upper_bound":3.4286343053,"MAE":1.69125,"MAE_lower_bound":0.9316554538,"MAE_upper_bound":3.0957454459,"ME":1.03875,"ME_lower_bound":-0.5718352027,"ME_upper_bound":2.6655770705,"R2":0.0023859097,"R2_lower_bound":0.0002781087,"R2_upper_bound":0.8403468344,"m":0.02351325,"m_lower_bound":-0.7512924597,"m_upper_bound":0.6918516994,"kendall_tau":0.1818482419,"kendall_tau_lower_bound":-0.7692307692,"kendall_tau_upper_bound":0.8181818182},"ML\/NNET\/CORINA-descriptors-8":{"sid":"39","RMSE":2.3910902325,"RMSE_lower_bound":1.4420052614,"RMSE_upper_bound":3.8497049106,"MAE":2.16375,"MAE_lower_bound":1.1551595135,"MAE_upper_bound":3.508197712,"ME":0.58125,"ME_lower_bound":-1.4362613804,"ME_upper_bound":2.5831916676,"R2":0.5961505886,"R2_lower_bound":0.001006914,"R2_upper_bound":0.9380321794,"m":-0.3505096162,"m_lower_bound":-1.1262478875,"m_upper_bound":0.3844836235,"kendall_tau":-0.6428571429,"kendall_tau_lower_bound":-1.0,"kendall_tau_upper_bound":0.5652173913},"SILCS\/LGFE\/TIP3P\/GCMC-MD":{"sid":"36","RMSE":2.4016400646,"RMSE_lower_bound":1.3754234523,"RMSE_upper_bound":3.7535563076,"MAE":2.1,"MAE_lower_bound":1.1209342427,"MAE_upper_bound":3.377563642,"ME":-0.2425,"ME_lower_bound":-2.1728038873,"ME_upper_bound":1.7030534679,"R2":0.2566097869,"R2_lower_bound":0.0006647364,"R2_upper_bound":0.8913985269,"m":-0.3166312151,"m_lower_bound":-1.0463432368,"m_upper_bound":0.4684082851,"kendall_tau":-0.2857142857,"kendall_tau_lower_bound":-1.0,"kendall_tau_upper_bound":0.5652173913},"SILCS\/LGFE\/TIP3P\/GCMC-MD_NR":{"sid":"35","RMSE":2.5114288762,"RMSE_lower_bound":1.3396044383,"RMSE_upper_bound":4.5042337084,"MAE":1.8125,"MAE_lower_bound":1.0186520009,"MAE_upper_bound":3.9004589481,"ME":-1.6875,"ME_lower_bound":-3.6593362131,"ME_upper_bound":0.2597964657,"R2":0.0003825719,"R2_lower_bound":0.0003368844,"R2_upper_bound":0.883430041,"m":-0.0089337942,"m_lower_bound":-1.0738070348,"m_upper_bound":0.9236640044,"kendall_tau":0.0714285714,"kendall_tau_lower_bound":-0.8260869565,"kendall_tau_upper_bound":0.8333333333},"APR\/OPENFF1.2.0-AM1BCC\/TIP3P\/US\/TI":{"sid":"48","RMSE":2.9677769458,"RMSE_lower_bound":1.2742788183,"RMSE_upper_bound":4.8003545253,"MAE":2.235,"MAE_lower_bound":0.9920961771,"MAE_upper_bound":4.0670091928,"ME":-0.7575,"ME_lower_bound":-3.0916731826,"ME_upper_bound":1.3586105888,"R2":0.480440455,"R2_lower_bound":0.0864674888,"R2_upper_bound":0.9360659819,"m":1.5541301072,"m_lower_bound":0.4290138681,"m_upper_bound":3.4414238792,"kendall_tau":0.5,"kendall_tau_lower_bound":-0.0909090909,"kendall_tau_upper_bound":0.92},"APR\/OPENFF1.2.0-AM1BCC\/TIP3P\/US\/MBAR":{"sid":"49","RMSE":2.9843738874,"RMSE_lower_bound":1.3094194589,"RMSE_upper_bound":4.8628300059,"MAE":2.23625,"MAE_lower_bound":1.0177736347,"MAE_upper_bound":4.0725289634,"ME":-0.82875,"ME_lower_bound":-3.1354669536,"ME_upper_bound":1.2424551442,"R2":0.476191928,"R2_lower_bound":0.085795597,"R2_upper_bound":0.9223585743,"m":1.5430514934,"m_lower_bound":0.3940216437,"m_upper_bound":3.4758336449,"kendall_tau":0.5,"kendall_tau_lower_bound":-0.0833333333,"kendall_tau_upper_bound":0.9166666667},"APR\/GAFF2-AM1BCC\/TIP3P\/US\/MBAR":{"sid":"51","RMSE":3.2402777659,"RMSE_lower_bound":1.2658774417,"RMSE_upper_bound":5.2928090489,"MAE":2.295,"MAE_lower_bound":0.9721885369,"MAE_upper_bound":4.3687359815,"ME":-1.495,"ME_lower_bound":-3.8236646671,"ME_upper_bound":0.6196390696,"R2":0.3479675858,"R2_lower_bound":0.0213096961,"R2_upper_bound":0.8966581766,"m":1.2382522379,"m_lower_bound":0.0705661729,"m_upper_bound":3.2365594495,"kendall_tau":0.4285714286,"kendall_tau_lower_bound":-0.28,"kendall_tau_upper_bound":0.84},"APR\/GAFF2-AM1BCC\/TIP3P\/US\/TI":{"sid":"50","RMSE":3.3115536384,"RMSE_lower_bound":1.4122376412,"RMSE_upper_bound":5.3020226195,"MAE":2.47125,"MAE_lower_bound":1.1094893371,"MAE_upper_bound":4.4491481131,"ME":-1.28875,"ME_lower_bound":-3.6754170297,"ME_upper_bound":0.9610611821,"R2":0.2613556483,"R2_lower_bound":0.0038436668,"R2_upper_bound":0.8715929994,"m":1.079371621,"m_lower_bound":-0.1118667082,"m_upper_bound":3.2382172831,"kendall_tau":0.2857142857,"kendall_tau_lower_bound":-0.3636363636,"kendall_tau_upper_bound":0.8333333333},"LiGaMD\/GAFF2\/RESP\/TIP4P\/Sampling":{"sid":"47","RMSE":4.481612433,"RMSE_lower_bound":1.4642474534,"RMSE_upper_bound":6.7682299126,"MAE":3.0675,"MAE_lower_bound":1.1047597863,"MAE_upper_bound":5.6633142263,"ME":1.72,"ME_lower_bound":-1.0982694225,"ME_upper_bound":4.7882377886,"R2":0.0000861325,"R2_lower_bound":0.0001508146,"R2_upper_bound":0.7648396192,"m":-0.0208144997,"m_lower_bound":-1.7839656733,"m_upper_bound":1.920236668,"kendall_tau":0.0714285714,"kendall_tau_lower_bound":-0.6666666667,"kendall_tau_upper_bound":0.75},"DDM\/C36\/TIP3P\/MD\/MBAR":{"sid":"45","RMSE":4.5151578046,"RMSE_lower_bound":2.0110184052,"RMSE_upper_bound":6.7103240546,"MAE":3.455,"MAE_lower_bound":1.6180735257,"MAE_upper_bound":5.8398595466,"ME":-3.455,"ME_lower_bound":-5.791977511,"ME_upper_bound":-1.3395882751,"R2":0.0447855444,"R2_lower_bound":0.0002694693,"R2_upper_bound":0.7792447923,"m":0.3470708145,"m_lower_bound":-0.9839004445,"m_upper_bound":1.9975719639,"kendall_tau":0.2857142857,"kendall_tau_lower_bound":-0.5652173913,"kendall_tau_upper_bound":0.9166666667},"MD\/ParamChem\/TIP3P\/REUS\/":{"sid":"46",