,Molecule ID,Mean Error,Mean Absolute Error,Root Mean Squared Error
0,SAMPL8-1,-0.175000000000066,1.2349999999999999,1.2349999999999999
