{"SILCS\/LGFE\/TIP3P\/GCMC-MD\/rew":{"sid":"5","RMSE":1.9644010356,"RMSE_lower_bound":1.0901620697,"RMSE_upper_bound":4.6051918309,"MAE":1.71,"MAE_lower_bound":0.8692323303,"MAE_upper_bound":4.0887367779,"ME":-0.23,"ME_lower_bound":-2.7565109411,"ME_upper_bound":2.2887770254,"R2":0.3805759999,"R2_lower_bound":0.0009791294,"R2_upper_bound":0.9622765548,"m":0.5823232528,"m_lower_bound":-0.7093592908,"m_upper_bound":1.7954606351,"kendall_tau":0.5238095238,"kendall_tau_lower_bound":-0.5789473684,"kendall_tau_upper_bound":1.0},"DDM\/FEP\/MBAR\/FM\/RW[pm6s6]":{"sid":"28","RMSE":2.4563067514,"RMSE_lower_bound":1.263309458,"RMSE_upper_bound":3.943185133,"MAE":2.0271428571,"MAE_lower_bound":1.0285926369,"MAE_upper_bound":3.5026621182,"ME":0.6757142857,"ME_lower_bound":-1.3669864556,"ME_upper_bound":2.7101551754,"R2":0.5949153857,"R2_lower_bound":0.0285390623,"R2_upper_bound":0.9755227576,"m":1.2211780396,"m_lower_bound":-0.0540396701,"m_upper_bound":2.3245266048,"kendall_tau":0.5238095238,"kendall_tau_lower_bound":-0.3333333333,"kendall_tau_upper_bound":1.0},"ML\/NNET\/CORINA-descriptors2":{"sid":"10","RMSE":2.7295577873,"RMSE_lower_bound":1.5815903275,"RMSE_upper_bound":4.180661679,"MAE":2.4142857143,"MAE_lower_bound":1.2919806829,"MAE_upper_bound":3.8491369185,"ME":-1.4257142857,"ME_lower_bound":-3.4201450138,"ME_upper_bound":0.6643097567,"R2":0.0146808405,"R2_lower_bound":0.0005753308,"R2_upper_bound":0.9534496448,"m":0.041413043,"m_lower_bound":-0.7146940242,"m_upper_bound":0.6271524411,"kendall_tau":0.1428571429,"kendall_tau_lower_bound":-1.0,"kendall_tau_upper_bound":1.0},"SILCS\/LGFE\/TIP3P\/GCMC-MD":{"sid":"3","RMSE":3.0599626515,"RMSE_lower_bound":1.6510463885,"RMSE_upper_bound":5.067109596,"MAE":2.5942857143,"MAE_lower_bound":1.3059441277,"MAE_upper_bound":4.6366272585,"ME":-2.46,"ME_lower_bound":-4.4960728594,"ME_upper_bound":-0.4374070522,"R2":0.3977165071,"R2_lower_bound":0.0006654271,"R2_upper_bound":0.961175746,"m":0.2889039406,"m_lower_bound":-0.4917279956,"m_upper_bound":1.1901589742,"kendall_tau":0.4285714286,"kendall_tau_lower_bound":-0.6470588235,"kendall_tau_upper_bound":1.0},"SILCS\/LGFE\/TIP3P\/GCMC-MD\/G5":{"sid":"4","RMSE":3.1616812887,"RMSE_lower_bound":1.6868629161,"RMSE_upper_bound":5.1886844784,"MAE":2.6657142857,"MAE_lower_bound":1.3487678181,"MAE_upper_bound":4.7331171482,"ME":-2.5314285714,"ME_lower_bound":-4.6074547435,"ME_upper_bound":-0.4567146992,"R2":0.3267509438,"R2_lower_bound":0.0007416862,"R2_upper_bound":0.9619086801,"m":0.265339722,"m_lower_bound":-0.542339242,"m_upper_bound":1.1245304278,"kendall_tau":0.4285714286,"kendall_tau_lower_bound":-0.7142857143,"kendall_tau_upper_bound":1.0},"DDM\/FEP\/MBAR\/Paramchem\/FM\/[gfn2gfn2]":{"sid":"19","RMSE":3.4655467513,"RMSE_lower_bound":2.1925905233,"RMSE_upper_bound":4.9425376381,"MAE":3.23,"MAE_lower_bound":1.8864884381,"MAE_upper_bound":4.6691999714,"ME":-1.4757142857,"ME_lower_bound":-3.9295335657,"ME_upper_bound":1.1237819265,"R2":0.4290719002,"R2_lower_bound":0.0016499255,"R2_upper_bound":0.9732383604,"m":-0.3193820177,"m_lower_bound":-0.9439877983,"m_upper_bound":0.3905999184,"kendall_tau":-0.3333333333,"kendall_tau_lower_bound":-1.0,"kendall_tau_upper_bound":0.5555555556},"ML\/NNET\/CORINA-descriptors1":{"sid":"9","RMSE":3.4969599042,"RMSE_lower_bound":2.1052347262,"RMSE_upper_bound":4.9628161577,"MAE":3.0157142857,"MAE_lower_bound":1.5831127403,"MAE_upper_bound":4.6564402096,"ME":-2.7785714286,"ME_lower_bound":-4.5937324501,"ME_upper_bound":-0.8748107367,"R2":0.1400671696,"R2_lower_bound":0.0003224829,"R2_upper_bound":0.9511468658,"m":0.1482111447,"m_lower_bound":-0.472573609,"m_upper_bound":0.7092068395,"kendall_tau":0.3333333333,"kendall_tau_lower_bound":-0.7142857143,"kendall_tau_upper_bound":1.0},"DDM\/FEP\/MBAR\/FM\/[pm6s6]":{"sid":"22","RMSE":3.5990554316,"RMSE_lower_bound":2.361507645,"RMSE_upper_bound":4.9884497891,"MAE":3.2314285714,"MAE_lower_bound":1.9076248634,"MAE_upper_bound":4.7369789144,"ME":3.2314285714,"ME_lower_bound":1.6645962279,"ME_upper_bound":4.727247433,"R2":0.6426657057,"R2_lower_bound":0.0364604693,"R2_upper_bound":0.986013414,"m":0.9225660304,"m_lower_bound":0.0816191418,"m_upper_bound":1.6869302821,"kendall_tau":0.619047619,"kendall_tau_lower_bound":-0.2,"kendall_tau_upper_bound":1.0},"DDM\/FEP\/MBAR\/FM\/RW\/[wb97xd,s6]":{"sid":"29","RMSE":3.6679538866,"RMSE_lower_bound":2.3655698972,"RMSE_upper_bound":5.1167531408,"MAE":3.2914285714,"MAE_lower_bound":1.9294621222,"MAE_upper_bound":4.8501101401,"ME":2.8914285714,"ME_lower_bound":0.8291174948,"ME_upper_bound":4.7941345803,"R2":0.3830093006,"R2_lower_bound":0.0036431045,"R2_upper_bound":0.9779716167,"m":0.7518064603,"m_lower_bound":-0.2883414573,"m_upper_bound":1.8258381527,"kendall_tau":0.3333333333,"kendall_tau_lower_bound":-0.5294117647,"kendall_tau_upper_bound":1.0},"DDM\/FEP\/MBAR\/Paramchem\/FM\/[C36S6]":{"sid":"18","RMSE":3.7282607971,"RMSE_lower_bound":2.2117526522,"RMSE_upper_bound":5.282596819,"MAE":3.1728571429,"MAE_lower_bound":1.6470077532,"MAE_upper_bound":4.9395641669,"ME":3.0757142857,"ME_lower_bound":1.1679620025,"ME_upper_bound":4.887571381,"R2":0.4106165968,"R2_lower_bound":0.0064677859,"R2_upper_bound":0.9630487551,"m":0.7360846473,"m_lower_bound":-0.306577399,"m_upper_bound":1.8222791542,"kendall_tau":0.3333333333,"kendall_tau_lower_bound":-0.3333333333,"kendall_tau_upper_bound":1.0},"DDM\/FEP\/MBAR\/FM\/[mp2,b3lyp]":{"sid":"15","RMSE":3.7694050307,"RMSE_lower_bound":2.4764931315,"RMSE_upper_bound":5.2554147521,"MAE":3.3871428571,"MAE_lower_bound":2.0473103719,"MAE_upper_bound":4.9426757282,"ME":2.5042857143,"ME_lower_bound":0.0912817891,"ME_upper_bound":4.6574105235,"R2":0.1975004287,"R2_lower_bound":0.0013295303,"R2_upper_bound":0.9639841824,"m":0.5725668873,"m_lower_bound":-0.3360784497,"m_upper_bound":2.4013507691,"kendall_tau":0.5238095238,"kendall_tau_lower_bound":-0.3333333333,"kendall_tau_upper_bound":1.0},"DDM-SAMS\/GAFF-DMBIS\/TIP3P\/MCMC-SAMS\/":{"sid":"2","RMSE":3.8221983203,"RMSE_lower_bound":2.3308862046,"RMSE_upper_bound":5.4314648804,"MAE":3.2514285714,"MAE_lower_bound":1.7697704755,"MAE_upper_bound":5.0849528393,"ME":1.7371428571,"ME_lower_bound":-1.0825591713,"ME_upper_bound":4.2916166813,"R2":0.1109776589,"R2_lower_bound":0.000302252,"R2_upper_bound":0.9545527611,"m":0.4941864541,"m_lower_bound":-1.2899640102,"m_upper_bound":2.4653765326,"kendall_tau":0.0476190476,"kendall_tau_lower_bound":-0.6666666667,"kendall_tau_upper_bound":0.8823529412},"APR\/GAFF2-AM1BCC\/TIP3P\/US\/TI":{"sid":"33","RMSE":3.8451843723,"RMSE_lower_bound":2.3533451592,"RMSE_upper_bound":5.4642426651,"MAE":3.3814285714,"MAE_lower_bound":1.9040154318,"MAE_upper_bound":5.1508395583,"ME":2.8728571429,"ME_lower_bound":0.6505687799,"ME_upper_bound":5.0054968189,"R2":0.5348837063,"R2_lower_bound":0.0824736522,"R2_upper_bound":0.9734676242,"m":1.1814409773,"m_lower_bound":0.2888463545,"m_upper_bound":2.7471721994,"kendall_tau":0.5238095238,"kendall_tau_lower_bound":-0.2,"kendall_tau_upper_bound":1.0},"APR\/GAFF2-AM1BCC\/TIP3P\/US\/MBAR":{"sid":"34","RMSE":3.8871473198,"RMSE_lower_bound":2.32211252,"RMSE_upper_bound":5.5968235349,"MAE":3.4114285714,"MAE_lower_bound":1.8861125666,"MAE_upper_bound":5.1948637919,"ME":2.8571428571,"ME_lower_bound":0.5852217947,"ME_upper_bound":5.029425559,"R2":0.6272252773,"R2_lower_bound":0.205077086,"R2_upper_bound":0.9649131919,"m":1.4003646417,"m_lower_bound":0.5357810867,"m_upper_bound":2.9055888983,"kendall_tau":0.5238095238,"kendall_tau_lower_bound":-0.2,"kendall_tau_upper_bound":1.0},"DDM\/FEP\/MBAR\/Paramchem\/FM\/RW\/[wb97xd]":{"sid":"26","RMSE":3.9036466468,"RMSE_lower_bound":2.0811188335,"RMSE_upper_bound":5.9620472415,"MAE":3.4057142857,"MAE_lower_bound":1.8057489119,"MAE_upper_bound":5.3301135356,"ME":0.1942857143,"ME_lower_bound":-3.0104008697,"ME_upper_bound":3.0737505421,"R2":0.5343896565,"R2_lower_bound":0.047010799,"R2_upper_bound":0.9715995883,"m":1.6752149602,"m_lower_bound":0.124112075,"m_upper_bound":3.2103503415,