{"SILCS\/LGFE\/TIP3P\/GCMC-MD\/rew":{"sid":"5","RMSE":1.9596711743,"RMSE_lower_bound":1.079435447,"RMSE_upper_bound":4.5298091683,"MAE":1.6851319442,"MAE_lower_bound":0.8654900943,"MAE_upper_bound":4.0447852132,"ME":-0.2463487599,"ME_lower_bound":-2.7232789071,"ME_upper_bound":2.2615510168,"R2":0.3808030909,"R2_lower_bound":0.0011272493,"R2_upper_bound":0.9620586988,"m":0.5858033788,"m_lower_bound":-0.7442627086,"m_upper_bound":1.7198754767,"kendall_tau":0.4285714286,"kendall_tau_lower_bound":-0.6,"kendall_tau_upper_bound":1.0},"DDM\/FEP\/MBAR\/FM\/RW[pm6s6]":{"sid":"28","RMSE":2.5014526025,"RMSE_lower_bound":1.3265351839,"RMSE_upper_bound":4.0446186255,"MAE":2.1692578211,"MAE_lower_bound":1.0797071403,"MAE_upper_bound":3.6341933478,"ME":0.6593655259,"ME_lower_bound":-1.421660975,"ME_upper_bound":2.7375302491,"R2":0.5733835944,"R2_lower_bound":0.0256162446,"R2_upper_bound":0.9728678493,"m":1.2056804611,"m_lower_bound":-0.1546278101,"m_upper_bound":2.3381977552,"kendall_tau":0.4285714286,"kendall_tau_lower_bound":-0.4117647059,"kendall_tau_upper_bound":1.0},"ML\/NNET\/CORINA-descriptors2":{"sid":"10","RMSE":2.7227803569,"RMSE_lower_bound":1.5560588444,"RMSE_upper_bound":4.2600992392,"MAE":2.4010192448,"MAE_lower_bound":1.2243471442,"MAE_upper_bound":3.8935429544,"ME":-1.4420630456,"ME_lower_bound":-3.4456609874,"ME_upper_bound":0.6151318637,"R2":0.0165975026,"R2_lower_bound":0.0004261944,"R2_upper_bound":0.9557824911,"m":0.044283431,"m_lower_bound":-0.7289096446,"m_upper_bound":0.6369699711,"kendall_tau":0.0476190476,"kendall_tau_lower_bound":-1.0,"kendall_tau_upper_bound":1.0},"SILCS\/LGFE\/TIP3P\/GCMC-MD":{"sid":"3","RMSE":3.0706262187,"RMSE_lower_bound":1.6480545077,"RMSE_upper_bound":5.0880122345,"MAE":2.5716095422,"MAE_lower_bound":1.299693804,"MAE_upper_bound":4.6563327204,"ME":-2.4763487599,"ME_lower_bound":-4.512762612,"ME_upper_bound":-0.4112650216,"R2":0.3907286531,"R2_lower_bound":0.0009366555,"R2_upper_bound":0.9596651103,"m":0.2879801102,"m_lower_bound":-0.5173310049,"m_upper_bound":1.1660708183,"kendall_tau":0.3333333333,"kendall_tau_lower_bound":-0.6842105263,"kendall_tau_upper_bound":1.0},"SILCS\/LGFE\/TIP3P\/GCMC-MD\/G5":{"sid":"4","RMSE":3.1720725862,"RMSE_lower_bound":1.7567222485,"RMSE_upper_bound":5.2318092813,"MAE":2.6430381137,"MAE_lower_bound":1.3885656293,"MAE_upper_bound":4.7579287148,"ME":-2.5477773313,"ME_lower_bound":-4.6015248272,"ME_upper_bound":-0.4801017044,"R2":0.3206195679,"R2_lower_bound":0.0006568907,"R2_upper_bound":0.958277615,"m":0.2643303694,"m_lower_bound":-0.5403598282,"m_upper_bound":1.1114944552,"kendall_tau":0.3333333333,"kendall_tau_lower_bound":-0.7142857143,"kendall_tau_upper_bound":1.0},"DDM\/FEP\/MBAR\/Paramchem\/FM\/[gfn2gfn2]":{"sid":"19","RMSE":3.4842034146,"RMSE_lower_bound":2.2021529407,"RMSE_upper_bound":4.9450242304,"MAE":3.2167335306,"MAE_lower_bound":1.8798262918,"MAE_upper_bound":4.6695632499,"ME":-1.4920630456,"ME_lower_bound":-3.8673214326,"ME_upper_bound":1.0985524076,"R2":0.4710530414,"R2_lower_bound":0.0022349538,"R2_upper_bound":0.9717429924,"m":-0.3365414299,"m_lower_bound":-0.9410355098,"m_upper_bound":0.2883696971,"kendall_tau":-0.4285714286,"kendall_tau_lower_bound":-1.0,"kendall_tau_upper_bound":0.4444444444},"ML\/NNET\/CORINA-descriptors1":{"sid":"9","RMSE":3.5138538375,"RMSE_lower_bound":2.0663035271,"RMSE_upper_bound":5.010671899,"MAE":3.0414727482,"MAE_lower_bound":1.5657152707,"MAE_upper_bound":4.6816433728,"ME":-2.7949201884,"ME_lower_bound":-4.6125291849,"ME_upper_bound":-0.8960188529,"R2":0.1263562468,"R2_lower_bound":0.0004536814,"R2_upper_bound":0.9394434163,"m":0.1415693539,"m_lower_bound":-0.4454406708,"m_upper_bound":0.7061349168,"kendall_tau":0.2380952381,"kendall_tau_lower_bound":-0.7142857143,"kendall_tau_upper_bound":1.0},"DDM\/FEP\/MBAR\/FM\/[pm6s6]":{"sid":"22","RMSE":3.6289005548,"RMSE_lower_bound":2.3224066611,"RMSE_upper_bound":5.0975108818,"MAE":3.2150798116,"MAE_lower_bound":1.8353790284,"MAE_upper_bound":4.8079319546,"ME":3.2150798116,"ME_lower_bound":1.575814523,"ME_upper_bound":4.7771003573,"R2":0.5998791048,"R2_lower_bound":0.0239650165,"R2_upper_bound":0.9761739461,"m":0.8963858045,"m_lower_bound":-0.0078323749,"m_upper_bound":1.6790710607,"kendall_tau":0.5238095238,"kendall_tau_lower_bound":-0.3333333333,"kendall_tau_upper_bound":1.0},"DDM\/FEP\/MBAR\/FM\/RW\/[wb97xd,s6]":{"sid":"29","RMSE":3.6693126997,"RMSE_lower_bound":2.3243155043,"RMSE_upper_bound":5.1324672607,"MAE":3.2759637592,"MAE_lower_bound":1.8842063575,"MAE_upper_bound":4.8478249054,"ME":2.8750798116,"ME_lower_bound":0.7676346036,"ME_upper_bound":4.7436967525,"R2":0.3714849718,"R2_lower_bound":0.0025816354,"R2_upper_bound":0.9654472665,"m":0.7446123311,"m_lower_bound":-0.2670755347,"m_upper_bound":1.8200859759,"kendall_tau":0.2380952381,"kendall_tau_lower_bound":-0.5294117647,"kendall_tau_upper_bound":1.0},"DDM\/FEP\/MBAR\/Paramchem\/FM\/[C36S6]":{"sid":"18","RMSE":3.7411058881,"RMSE_lower_bound":2.218526741,"RMSE_upper_bound":5.3508430875,"MAE":3.1573923306,"MAE_lower_bound":1.6557109221,"MAE_upper_bound":4.9542392137,"ME":3.0593655259,"ME_lower_bound":1.1573329691,"ME_upper_bound":4.8888499755,"R2":0.3882642104,"R2_lower_bound":0.0042303187,"R2_upper_bound":0.950399039,"m":0.7198324092,"m_lower_bound":-0.2859394778,"m_upper_bound":1.8115405685,"kendall_tau":0.2380952381,"kendall_tau_lower_bound":-0.4117647059,"kendall_tau_upper_bound":1.0},"DDM\/FEP\/MBAR\/FM\/[mp2,b3lyp]":{"sid":"15","RMSE":3.7527736184,"RMSE_lower_bound":2.4297658701,"RMSE_upper_bound":5.2114328967,"MAE":3.3693751841,"MAE_lower_bound":2.0017788558,"MAE_upper_bound":4.963608241,"ME":2.4879369544,"ME_lower_bound":0.0551459935,"ME_upper_bound":4.6563839289,"R2":0.1987186824,"R2_lower_bound":0.0017142301,"R2_upper_bound":0.9527269337,"m":0.5775901291,"m_lower_bound":-0.3244658491,"m_upper_bound":2.2897645698,"kendall_tau":0.4285714286,"kendall_tau_lower_bound":-0.3333333333,"kendall_tau_upper_bound":1.0},"DDM-SAMS\/GAFF-DMBIS\/TIP3P\/MCMC-SAMS\/":{"sid":"2","RMSE":3.7992439883,"RMSE_lower_bound":2.357123867,"RMSE_upper_bound":5.3554339587,"MAE":3.2350862706,"MAE_lower_bound":1.8025674674,"MAE_upper_bound":5.0449735061,"ME":1.7207940973,"ME_lower_bound":-1.1908931159,"ME_upper_bound":4.2817719625,"R2":0.1148320201,"R2_lower_bound":0.0003809519,"R2_upper_bound":0.9455073855,"m":0.50554843,"m_lower_bound":-1.160029223,"m_upper_bound":2.5028371426,"kendall_tau":0.1428571429,"kendall_tau_lower_bound":-0.6470588235,"kendall_tau_upper_bound":1.0},"APR\/GAFF2-AM1BCC\/TIP3P\/US\/TI":{"sid":"33","RMSE":3.8377912678,"RMSE_lower_bound":2.3728515662,"RMSE_upper_bound":5.4189821286,"MAE":3.4026858303,"MAE_lower_bound":1.8935609326,"MAE_upper_bound":5.1212123927,"ME":2.856508383,"ME_lower_bound":0.5338927797,"ME_upper_bound":4.9867746112,"R2":0.532629561,"R2_lower_bound":0.0836500057,"R2_upper_bound":0.9773466267,"m":1.1856409341,"m_lower_bound":0.2873963874,"m_upper_bound":2.8540193555,"kendall_tau":0.619047619,"kendall_tau_lower_bound":-0.1428571429,"kendall_tau_upper_bound":1.0},"APR\/GAFF2-AM1BCC\/TIP3P\/US\/MBAR":{"sid":"34","RMSE":3.896865317,"RMSE_lower_bound":2.36717639,"RMSE_upper_bound":5.6643142933,"MAE":3.4326858303,"MAE_lower_bound":1.9121837954,"MAE_upper_bound":5.2245926814,"ME":2.8407940973,"ME_lower_bound":0.5125561935,"ME_upper_bound":5.0354514068,"R2":0.6148260542,"R2_lower_bound":0.201410953,"R2_upper_bound":0.9646685345,"m":1.3943239852,"m_lower_bound":0.5023120232,"m_upper_bound":2.9949772422,"kendall_tau":0.4285714286,"kendall_tau_lower_bound":-0.2631578947,"kendall_tau_upper_bound":1.0},"APR\/OPENFF1.2.0-AM1BCC\/TIP3P\/US\/TI":{"sid":"31","RMSE":4.0287227858,"RMSE_lower_bound":2.2534079821,"RMSE_upper_bound":5.8275331172,"MAE":3.1679337552,"MAE_lower_bound":1.5719043921,"MAE_upper_bound":5.3761270996,"ME":2.8779369544,"ME_lower_bound":0.4969326899,"ME_upper_bound":5.211527503,"R2":0.1208712943,"R2_lower_bound":0.0005016494,"R2_upper_bound":0.8973005021,"m":0.4022524677,"m_lower_bound":-0.5813998253,