{"SILCS\/LGFE\/TIP3P\/GCMC-MD\/rew":{"sid":"5","RMSE":1.9640753111,"RMSE_lower_bound":1.087227538,"RMSE_upper_bound":4.6158688062,"MAE":1.7085296216,"MAE_lower_bound":0.859152394,"MAE_upper_bound":4.1120140818,"ME":-0.231206205,"ME_lower_bound":-2.7453528128,"ME_upper_bound":2.3282407067,"R2":0.3814400389,"R2_lower_bound":0.0011793472,"R2_upper_bound":0.9621719086,"m":0.5823069649,"m_lower_bound":-0.7030314934,"m_upper_bound":1.7637708087,"kendall_tau":0.5238095238,"kendall_tau_lower_bound":-0.5789473684,"kendall_tau_upper_bound":1.0},"DDM\/FEP\/MBAR\/FM\/RW[pm6s6]":{"sid":"28","RMSE":2.4565724667,"RMSE_lower_bound":1.2565848587,"RMSE_upper_bound":3.9663198486,"MAE":2.028085196,"MAE_lower_bound":1.0193110846,"MAE_upper_bound":3.5364744209,"ME":0.6745080807,"ME_lower_bound":-1.3562829866,"ME_upper_bound":2.6983421124,"R2":0.5943934416,"R2_lower_bound":0.0263684615,"R2_upper_bound":0.9744043457,"m":1.2192248387,"m_lower_bound":-0.1298067696,"m_upper_bound":2.3215392751,"kendall_tau":0.5238095238,"kendall_tau_lower_bound":-0.3684210526,"kendall_tau_upper_bound":1.0},"ML\/NNET\/CORINA-descriptors2":{"sid":"10","RMSE":2.7321184625,"RMSE_lower_bound":1.6035388831,"RMSE_upper_bound":4.194551178,"MAE":2.4161617997,"MAE_lower_bound":1.2980750676,"MAE_upper_bound":3.8807331386,"ME":-1.4269204907,"ME_lower_bound":-3.4481016288,"ME_upper_bound":0.6911961246,"R2":0.0147580126,"R2_lower_bound":0.0004730848,"R2_upper_bound":0.9560408893,"m":0.041473533,"m_lower_bound":-0.7222592636,"m_upper_bound":0.6183644899,"kendall_tau":0.1428571429,"kendall_tau_lower_bound":-1.0,"kendall_tau_upper_bound":1.0},"SILCS\/LGFE\/TIP3P\/GCMC-MD":{"sid":"3","RMSE":3.0616573367,"RMSE_lower_bound":1.6683927306,"RMSE_upper_bound":5.0630164405,"MAE":2.5950072196,"MAE_lower_bound":1.3221936017,"MAE_upper_bound":4.5924237697,"ME":-2.461206205,"ME_lower_bound":-4.4745614639,"ME_upper_bound":-0.377505993,"R2":0.3988278413,"R2_lower_bound":0.0007704176,"R2_upper_bound":0.9606835987,"m":0.2889713608,"m_lower_bound":-0.5078895864,"m_upper_bound":1.162081191,"kendall_tau":0.4285714286,"kendall_tau_lower_bound":-0.6470588235,"kendall_tau_upper_bound":1.0},"SILCS\/LGFE\/TIP3P\/GCMC-MD\/G5":{"sid":"4","RMSE":3.1633913391,"RMSE_lower_bound":1.7512941197,"RMSE_upper_bound":5.2256210922,"MAE":2.666435791,"MAE_lower_bound":1.3816184984,"MAE_upper_bound":4.7444241897,"ME":-2.5326347764,"ME_lower_bound":-4.6190624218,"ME_upper_bound":-0.4562491321,"R2":0.3277492206,"R2_lower_bound":0.0006464267,"R2_upper_bound":0.9644137209,"m":0.2654361626,"m_lower_bound":-0.5488490216,"m_upper_bound":1.1336814021,"kendall_tau":0.4285714286,"kendall_tau_lower_bound":-0.7142857143,"kendall_tau_upper_bound":1.0},"DDM\/FEP\/MBAR\/Paramchem\/FM\/[gfn2gfn2]":{"sid":"19","RMSE":3.4679124746,"RMSE_lower_bound":2.2108696989,"RMSE_upper_bound":4.9255397292,"MAE":3.2318760854,"MAE_lower_bound":1.9090776041,"MAE_upper_bound":4.6366561091,"ME":-1.4769204907,"ME_lower_bound":-3.9751722514,"ME_upper_bound":1.1306762338,"R2":0.428242675,"R2_lower_bound":0.0014845122,"R2_upper_bound":0.9700468544,"m":-0.3187027471,"m_lower_bound":-0.9291435779,"m_upper_bound":0.3684852403,"kendall_tau":-0.3333333333,"kendall_tau_lower_bound":-1.0,"kendall_tau_upper_bound":0.5555555556},"ML\/NNET\/CORINA-descriptors1":{"sid":"9","RMSE":3.4999584847,"RMSE_lower_bound":2.0304548433,"RMSE_upper_bound":4.9922424504,"MAE":3.0180750708,"MAE_lower_bound":1.5281817244,"MAE_upper_bound":4.6592966903,"ME":-2.7797776336,"ME_lower_bound":-4.5738208559,"ME_upper_bound":-0.8170655203,"R2":0.1393668505,"R2_lower_bound":0.0003941105,"R2_upper_bound":0.9360185549,"m":0.1476684921,"m_lower_bound":-0.4575580549,"m_upper_bound":0.7104062453,"kendall_tau":0.3333333333,"kendall_tau_lower_bound":-0.6842105263,"kendall_tau_upper_bound":1.0},"DDM\/FEP\/MBAR\/FM\/[pm6s6]":{"sid":"22","RMSE":3.5983031635,"RMSE_lower_bound":2.3258342641,"RMSE_upper_bound":5.014364867,"MAE":3.2302223664,"MAE_lower_bound":1.9020103711,"MAE_upper_bound":4.7849568285,"ME":3.2302223664,"ME_lower_bound":1.6202328605,"ME_upper_bound":4.7797405713,"R2":0.6424759178,"R2_lower_bound":0.0332782479,"R2_upper_bound":0.9877356263,"m":0.9213586881,"m_lower_bound":0.005319369,"m_upper_bound":1.7008943265,"kendall_tau":0.619047619,"kendall_tau_lower_bound":-0.2631578947,"kendall_tau_upper_bound":1.0},"DDM\/FEP\/MBAR\/FM\/RW\/[wb97xd,s6]":{"sid":"29","RMSE":3.6667653754,"RMSE_lower_bound":2.3707023416,"RMSE_upper_bound":5.1015089304,"MAE":3.291106314,"MAE_lower_bound":1.903382356,"MAE_upper_bound":4.8482909237,"ME":2.8902223664,"ME_lower_bound":0.8681776256,"ME_upper_bound":4.7547954314,"R2":0.3834731009,"R2_lower_bound":0.0031180525,"R2_upper_bound":0.971579657,"m":0.7513880051,"m_lower_bound":-0.2732098336,"m_upper_bound":1.7700638579,"kendall_tau":0.3333333333,"kendall_tau_lower_bound":-0.5294117647,"kendall_tau_upper_bound":1.0},"DDM\/FEP\/MBAR\/Paramchem\/FM\/[C36S6]":{"sid":"18","RMSE":3.7278914567,"RMSE_lower_bound":2.1963512878,"RMSE_upper_bound":5.2836535472,"MAE":3.1725348854,"MAE_lower_bound":1.6346609637,"MAE_upper_bound":4.9430645321,"ME":3.0745080807,"ME_lower_bound":1.1588105306,"ME_upper_bound":4.8925442541,"R2":0.4104632359,"R2_lower_bound":0.0059614894,"R2_upper_bound":0.9598527023,"m":0.7350926059,"m_lower_bound":-0.2861802492,"m_upper_bound":1.7743170115,"kendall_tau":0.3333333333,"kendall_tau_lower_bound":-0.3333333333,"kendall_tau_upper_bound":1.0},"DDM\/FEP\/MBAR\/FM\/[mp2,b3lyp]":{"sid":"15","RMSE":3.7676782787,"RMSE_lower_bound":2.4748079329,"RMSE_upper_bound":5.2091425378,"MAE":3.384517739,"MAE_lower_bound":2.0289819147,"MAE_upper_bound":4.9451139869,"ME":2.5030795093,"ME_lower_bound":0.1453881788,"ME_upper_bound":4.638058672,"R2":0.1983027407,"R2_lower_bound":0.001272078,"R2_upper_bound":0.9628805364,"m":0.573062483,"m_lower_bound":-0.3282271116,"m_upper_bound":2.3590012578,"kendall_tau":0.5238095238,"kendall_tau_lower_bound":-0.3333333333,"kendall_tau_upper_bound":1.0},"DDM-SAMS\/GAFF-DMBIS\/TIP3P\/MCMC-SAMS\/":{"sid":"2","RMSE":3.8218574711,"RMSE_lower_bound":2.3169316992,"RMSE_upper_bound":5.4422635722,"MAE":3.2502288255,"MAE_lower_bound":1.7774372035,"MAE_upper_bound":5.0383191155,"ME":1.7359366521,"ME_lower_bound":-1.1156277725,"ME_upper_bound":4.3151477923,"R2":0.1111740436,"R2_lower_bound":0.0004539878,"R2_upper_bound":0.9527133206,"m":0.4940491659,"m_lower_bound":-1.2821239863,"m_upper_bound":2.3946832357,"kendall_tau":0.0476190476,"kendall_tau_lower_bound":-0.6666666667,"kendall_tau_upper_bound":0.8666666667},"APR\/GAFF2-AM1BCC\/TIP3P\/US\/TI":{"sid":"33","RMSE":3.8434346784,"RMSE_lower_bound":2.3504759158,"RMSE_upper_bound":5.4581744595,"MAE":3.379288153,"MAE_lower_bound":1.8853800855,"MAE_upper_bound":5.1193965236,"ME":2.8716509378,"ME_lower_bound":0.6350799492,"ME_upper_bound":4.9739965054,"R2":0.5352566376,"R2_lower_bound":0.076634302,"R2_upper_bound":0.9664964701,"m":1.1804804208,"m_lower_bound":0.2202399642,"m_upper_bound":2.7950372344,"kendall_tau":0.5238095238,"kendall_tau_lower_bound":-0.2,"kendall_tau_upper_bound":1.0},"APR\/GAFF2-AM1BCC\/TIP3P\/US\/MBAR":{"sid":"34","RMSE":3.8848770566,"RMSE_lower_bound":2.3367768997,"RMSE_upper_bound":5.5996353204,"MAE":3.409288153,"MAE_lower_bound":1.8810122327,"MAE_upper_bound":5.1953694643,"ME":2.8559366521,"ME_lower_bound":0.5663722955,"ME_upper_bound":5.0428409665,"R2":0.6277276846,"R2_lower_bound":0.1929413756,"R2_upper_bound":0.9621988872,"m":1.3992986455,"m_lower_bound":0.522878252,"m_upper_bound":2.9051856131,"kendall_tau":0.5238095238,"kendall_tau_lower_bound":-0.2,"kendall_tau_upper_bound":1.0},"DDM\/FEP\/MBAR\/Paramchem\/FM\/RW\/[wb97xd]":{"sid":"26","RMSE":3.9038574344,"RMSE_lower_bound":2.09571565,"RMSE_upper_bound":5.8478922349,"MAE":3.4066566246,"MAE_lower_bound":1.8063210176,"MAE_upper_bound":5.2516841268,"ME":0.1930795093,"ME_lower_bound":-3.0368399051,"ME_upper_bound":3.0402993207,"R2":0.5337615631,"R2_lower_bound":0.0379433212,"R2_upper_bound":0.9691995937,"m":1.6722861046,"m_lower_bound":0.0937896977,