{"DDM\/AMOEBA\/BAR":{"sid":"44","RMSE":0.8358428879,"RMSE_lower_bound":0.4540137591,"RMSE_upper_bound":1.4989452616,"MAE":0.6744444444,"MAE_lower_bound":0.3571446842,"MAE_upper_bound":1.2861590245,"ME":0.1211111111,"ME_lower_bound":-0.6178752254,"ME_upper_bound":0.7961043199,"R2":0.7771208602,"R2_lower_bound":0.1731869234,"R2_upper_bound":0.9769613381,"m":0.9737511884,"m_lower_bound":0.3960702964,"m_upper_bound":1.3721482026,"kendall_tau":0.7222222222,"kendall_tau_lower_bound":0.1612903226,"kendall_tau_upper_bound":1.0},"ATM\/GAFF2-AM1BCC\/TIP3P\/HREM":{"sid":"37","RMSE":1.7084756038,"RMSE_lower_bound":1.2394841557,"RMSE_upper_bound":4.2346821525,"MAE":1.3822222222,"MAE_lower_bound":0.9472677165,"MAE_upper_bound":3.6014868822,"ME":-0.0688888889,"ME_lower_bound":-2.0293262163,"ME_upper_bound":2.1621309155,"R2":0.7898717694,"R2_lower_bound":0.0657740814,"R2_upper_bound":0.9523664216,"m":1.6567812875,"m_lower_bound":0.4508656618,"m_upper_bound":3.0458971295,"kendall_tau":0.6666666667,"kendall_tau_lower_bound":0.0,"kendall_tau_upper_bound":1.0},"PMF\/GAFF2-AM1BCC\/TIP3P\/MD-US":{"sid":"38","RMSE":1.7903568856,"RMSE_lower_bound":1.2582054236,"RMSE_upper_bound":4.2708334115,"MAE":1.4888888889,"MAE_lower_bound":0.9776606275,"MAE_upper_bound":3.6793708026,"ME":0.1866666667,"ME_lower_bound":-1.8132044015,"ME_upper_bound":2.4295588363,"R2":0.6891257661,"R2_lower_bound":0.0328530356,"R2_upper_bound":0.9352659741,"m":1.4994818148,"m_lower_bound":0.2350888527,"m_upper_bound":3.0031319588,"kendall_tau":0.6666666667,"kendall_tau_lower_bound":-0.0666666667,"kendall_tau_upper_bound":1.0},"AM1BCC\/MMPBSA\/TIP4PEW\/MD":{"sid":"43","RMSE":1.9482014498,"RMSE_lower_bound":1.1605099469,"RMSE_upper_bound":3.1454747818,"MAE":1.5377777778,"MAE_lower_bound":0.8816039854,"MAE_upper_bound":2.7526530228,"ME":1.0022222222,"ME_lower_bound":-0.418975967,"ME_upper_bound":2.3533368005,"R2":0.0175785972,"R2_lower_bound":0.0002342503,"R2_upper_bound":0.7791445707,"m":0.0654005823,"m_lower_bound":-0.6210709392,"m_upper_bound":0.7177664179,"kendall_tau":0.1972026594,"kendall_tau_lower_bound":-0.6774193548,"kendall_tau_upper_bound":0.75},"ML\/NNET\/CORINA-descriptors-8":{"sid":"39","RMSE":2.2543636698,"RMSE_lower_bound":1.3918384048,"RMSE_upper_bound":3.6699153864,"MAE":1.9266666667,"MAE_lower_bound":1.0883778681,"MAE_upper_bound":3.3059543966,"ME":0.52,"ME_lower_bound":-1.2205503655,"ME_upper_bound":2.3020209456,"R2":0.5386817882,"R2_lower_bound":0.0008460647,"R2_upper_bound":0.885513795,"m":-0.3471397949,"m_lower_bound":-1.124260332,"m_upper_bound":0.3696680028,"kendall_tau":-0.6111111111,"kendall_tau_lower_bound":-0.935483871,"kendall_tau_upper_bound":0.4838709677},"SILCS\/LGFE\/TIP3P\/GCMC-MD":{"sid":"36","RMSE":2.2651735278,"RMSE_lower_bound":1.3262999795,"RMSE_upper_bound":3.6364527557,"MAE":1.8877777778,"MAE_lower_bound":1.0527933211,"MAE_upper_bound":3.2123528635,"ME":-0.1944444444,"ME_lower_bound":-1.9782176998,"ME_upper_bound":1.492990043,"R2":0.256338905,"R2_lower_bound":0.0004671966,"R2_upper_bound":0.8576172487,"m":-0.3179280269,"m_lower_bound":-1.0576063973,"m_upper_bound":0.4188270492,"kendall_tau":-0.2535462764,"kendall_tau_lower_bound":-0.8787878788,"kendall_tau_upper_bound":0.4838709677},"DDM\/C36\/TIP3P\/MD\/MBAR":{"sid":"45","RMSE":4.2582677751,"RMSE_lower_bound":1.8866367652,"RMSE_upper_bound":6.3632610222,"MAE":3.1066666667,"MAE_lower_bound":1.4700714212,"MAE_upper_bound":5.4085774007,"ME":-3.0355555556,"ME_lower_bound":-5.3027558601,"ME_upper_bound":-1.0122532457,"R2":0.0338017181,"R2_lower_bound":0.0002507164,"R2_upper_bound":0.6405901913,"m":0.3296071241,"m_lower_bound":-1.086879918,"m_upper_bound":1.9993301366,"kendall_tau":0.2222222222,"kendall_tau_lower_bound":-0.5,"kendall_tau_upper_bound":0.7931034483},"MD\/ParamChem\/TIP3P\/REUS\/":{"sid":"46","RMSE":4.7076073187,"RMSE_lower_bound":2.5289491602,"RMSE_upper_bound":6.8312861952,"MAE":3.7988888889,"MAE_lower_bound":2.0480415329,"MAE_upper_bound":5.9657099871,"ME":-3.7522222222,"ME_lower_bound":-5.9323527797,"ME_upper_bound":-1.7616331005,"R2":0.0118414956,"R2_lower_bound":0.0002093,"R2_upper_bound":0.6537327589,"m":0.1744704472,"m_lower_bound":-1.1469236965,"m_upper_bound":1.6580208185,"kendall_tau":0.1143323901,"kendall_tau_lower_bound":-0.5,"kendall_tau_upper_bound":0.7647058824}}