ID;name;SMILES;Ka;dKa;DH;dDH;DG;dDG;TDS;dTDS;n
CB8-G1;Methamphetamine;C[C@H](NC)CC1=CC=CC=C1;140000.0;9931.767214348109;-7.84;0.2555758987072138;-7.017066040904828;0.04201049357772966;-0.8229339590951721;0.25900564003635995;1
CB8-G2;Fentanyl;O=C(CC)N(C1=CC=CC=C1)C(CC2)CCN2CCC3=CC=CC=C3;370000.0;11798.728745080973;-7.67;0.23355087240256672;-7.592589798770649;0.01888394733684201;-0.07741020122935094;0.23431306721354792;2
CB8-G3;Morphine;CN(CC1)[C@H]2[C@]3([H])C=C[C@H](O)[C@@]4([H])[C@]31C5=C(O4)C(O)=CC=C5C2;170000000.0;12124768.039018312;-13.6;0.4099560952102066;-11.222729638127547;0.04223609960064088;-2.377270361872453;0.4121260585178705;1
CB8-G4;Hydromorphone;CN(CC1)[C@H]2[C@]([C@]1([C@@]3([H])O4)C5=C4C(O)=CC=C5C2)([H])CCC3=O;341000000.0;18156345.998025045;-15.8;0.4844336899927585;-11.634941955018606;0.03153068161884789;-4.165058044981395;0.4854587355103925;1
CB8-G5;Ketamine;O=C1CCCCC1(NC)C2=CC=CC=C2Cl;1090000000.0;77261180.42070028;-17.3;0.5431031209632292;-12.323093816594985;0.04197533096706621;-4.976906183405015;0.5447227996052623;1
CB8-G6;PhenylCyclohexylPiperidine(PCP);N1(CCCCC1)C2(C3=CC=CC=C3)CCCCC2;21000000000.0;2096878632.6347072;-14.9;0.44878614060596833;-14.074988802781268;0.059130736372419716;-0.825011197218732;0.45266482521170626;1
CB8-G7;Cocaine;CN1[C@H]2CC[C@@H]1[C@@H](C(OC)=O)[C@@H](OC(C3=CC=CC=C3)=O)C2;810000.0;61044.98341387276;-6.57;0.22101676407005874;-8.056587261670028;0.04462972893858451;1.486587261670028;0.2254777654340479;1
