ID;name;SMILES;Ka_1;dKa_1;DH_1;dDH_1;TDS_1;dTDS_1;Ka_2;dKa_2;DH_2;dDH_2;TDS_2;dTDS_2;n;Ka;dKa;DH;dDH;DG;dDG;TDS;dTDS
CB8-G1;Methamphetamine;C[C@H](NC)CC1=CC=CC=C1;140000.0;9000.0;-7.84;0.1;0.788;;140000.0;9000.0;-7.84;0.1;0.788;;1.0;139999.9999999999;13402.984742213199;-7.84;0.2744431452960704;-7.017066040904828;0.05669343554707092;-0.8229339590951721;0.2802377305684049
CB8-G2;Fentanyl;O=C(CC)N(C1=CC=CC=C1)C(CC2)CCN2CCC3=CC=CC=C3;19000000.0;900000.0;-10.8;0.06;[];;19000000.0;900000.0;-10.8;0.06;0.872;[];1.0;19000000.000000022;1394596.7159003366;-10.8;0.3349268576868687;-9.925033803910846;0.043466465342113084;-0.8749661960891544;0.3377355971900758
CB8-G3;Morphine;CN(CC1)[C@H]2[C@]3([H])C=C[C@H](O)[C@@]4([H])[C@]31C5=C(O4)C(O)=CC=C5C2;170000000.0;11000000.0;-13.6;0.04;1.93;[];170000000.0;11000000.0;-13.6;0.04;1.93;[];1.0;169999999.99999997;16371010.964506745;-13.6;0.411902901179392;-11.222729638127547;0.05702770126694105;-2.377270361872453;0.4158318875600949
CB8-G4;Hydromorphone;CN(CC1)[C@H]2[C@]([C@]1([C@@]3([H])O4)C5=C4C(O)=CC=C5C2)([H])CCC3=O;341000000.0;15000000.0;-15.8;0.1;4.54;[];341000000.0;15000000.0;-15.8;0.1;4.54;[];1.0;341000000.0000002;23551070.03938463;-15.8;0.49464734912864944;-11.634941955018606;0.04089926966999848;-4.165058044981395;0.49633532038284284
CB8-G5;Ketamine;O=C1CCCCC1(NC)C2=CC=CC=C2Cl;1090000000.0;70000000.0;-17.3;0.16;5.01;[];1090000000.0;70000000.0;-17.3;0.16;5.01;[];1.0;1089999999.9999986;104255887.1239412;-17.3;0.5661810664442958;-12.323093816594985;0.056641321598550703;-4.976906183405015;0.5690072401230327
CB8-G6;PhenylCyclohexylPiperidine(PCP);N1(CCCCC1)C2(C3=CC=CC=C3)CCCCC2;21000000000.0;2000000000.0;-14.9;0.04;0.797;[];21000000000.0;2000000000.0;-14.9;0.04;0.797;[];1.0;20999999999.999977;2897740499.078546;-14.9;0.4505652006091904;-14.074988802781268;0.0817145670044831;-0.825011197218732;0.4579151345617768
CB8-G7;Cocaine;CN1[C@H]2CC[C@@H]1[C@@H](C(OC)=O)[C@@H](OC(C3=CC=CC=C3)=O)C2;810000.0;56000.00000000001;-6.57;0.1;-1.22;[];810000.0;56000.00000000001;-6.57;0.1;-1.22;[];1.0;810000.0000000002;82840.14727171845;-6.57;0.24258691226032786;-8.056587261670028;0.060564080964743514;1.486587261670028;0.25003283365011086
