{"CB8-G1": {"name": "Methamphetamine", "SMILES": "C[C@H](NC)CC1=CC=CC=C1", "Ka": 140000.0, "dKa": 9931.767214348109, "DH": -7.84, "dDH": 0.2555758987072138, "DG": -7.017066040904828, "dDG": 0.04201049357772966, "TDS": -0.8229339590951721, "dTDS": 0.25900564003635995, "n": 1}, "CB8-G2": {"name": "Fentanyl", "SMILES": "O=C(CC)N(C1=CC=CC=C1)C(CC2)CCN2CCC3=CC=CC=C3", "Ka": 370000.0, "dKa": 11798.728745080973, "DH": -7.67, "dDH": 0.23355087240256672, "TDS": -0.07741020122935094, "dTDS": 0.23431306721354792, "n": 2, "DG": -7.592589798770649, "dDG": 0.01888394733684201}, "CB8-G3": {"name": "Morphine", "SMILES": "CN(CC1)[C@H]2[C@]3([H])C=C[C@H](O)[C@@]4([H])[C@]31C5=C(O4)C(O)=CC=C5C2", "Ka": 170000000.0, "dKa": 12124768.039018312, "DH": -13.6, "dDH": 0.4099560952102066, "DG": -11.222729638127547, "dDG": 0.04223609960064088, "TDS": -2.377270361872453, "dTDS": 0.4121260585178705, "n": 1}, "CB8-G4": {"name": "Hydromorphone", "SMILES": "CN(CC1)[C@H]2[C@]([C@]1([C@@]3([H])O4)C5=C4C(O)=CC=C5C2)([H])CCC3=O", "Ka": 341000000.0, "dKa": 18156345.998025045, "DH": -15.8, "dDH": 0.4844336899927585, "DG": -11.634941955018606, "dDG": 0.03153068161884789, "TDS": -4.165058044981395, "dTDS": 0.4854587355103925, "n": 1}, "CB8-G5": {"name": "Ketamine", "SMILES": "O=C1CCCCC1(NC)C2=CC=CC=C2Cl", "Ka": 1090000000.0, "dKa": 77261180.42070028, "DH": -17.3, "dDH": 0.5431031209632292, "DG": -12.323093816594985, "dDG": 0.04197533096706621, "TDS": -4.976906183405015, "dTDS": 0.5447227996052623, "n": 1}, "CB8-G6": {"name": "PhenylCyclohexylPiperidine(PCP)", "SMILES": "N1(CCCCC1)C2(C3=CC=CC=C3)CCCCC2", "Ka": 21000000000.0, "dKa": 2096878632.6347072, "DH": -14.9, "dDH": 0.44878614060596833, "DG": -14.074988802781268, "dDG": 0.059130736372419716, "TDS": -0.825011197218732, "dTDS": 0.45266482521170626, "n": 1}, "CB8-G7": {"name": "Cocaine", "SMILES": "CN1[C@H]2CC[C@@H]1[C@@H](C(OC)=O)[C@@H](OC(C3=CC=CC=C3)=O)C2", "Ka": 810000.0, "dKa": 61044.98341387276, "DH": -6.57, "dDH": 0.22101676407005874, "DG": -8.056587261670028, "dDG": 0.04462972893858451, "TDS": 1.486587261670028, "dTDS": 0.2254777654340479, "n": 1}}