{"CB8-G1": {"name": "Methamphetamine", "SMILES": "C[C@H](NC)CC1=CC=CC=C1", "Ka_1": 140000.0, "dKa_1": 9000.0, "DH_1": -7.84, "dDH_1": 0.1, "TDS_1": 0.788, "dTDS_1": null, "Ka_2": 140000.0, "dKa_2": 9000.0, "DH_2": -7.84, "dDH_2": 0.1, "TDS_2": 0.788, "dTDS_2": null, "n": 1.0, "Ka": 139999.9999999999, "dKa": 13402.984742213199, "DH": -7.84, "dDH": 0.2744431452960704, "DG": -7.017066040904828, "dDG": 0.05669343554707092, "TDS": -0.8229339590951721, "dTDS": 0.2802377305684049}, "CB8-G2": {"name": "Fentanyl", "SMILES": "O=C(CC)N(C1=CC=CC=C1)C(CC2)CCN2CCC3=CC=CC=C3", "Ka_1": 19000000.0, "dKa_1": 900000.0, "DH_1": -10.8, "dDH_1": 0.06, "TDS_1": [], "Ka_2": 19000000.0, "dKa_2": 900000.0, "DH_2": -10.8, "dDH_2": 0.06, "TDS_2": 0.872, "dTDS_2": [], "n": 1.0, "Ka": 19000000.000000022, "dKa": 1394596.7159003366, "DH": -10.8, "dDH": 0.3349268576868687, "DG": -9.925033803910846, "dDG": 0.043466465342113084, "TDS": -0.8749661960891544, "dTDS": 0.3377355971900758}, "CB8-G3": {"name": "Morphine", "SMILES": "CN(CC1)[C@H]2[C@]3([H])C=C[C@H](O)[C@@]4([H])[C@]31C5=C(O4)C(O)=CC=C5C2", "Ka_1": 170000000.0, "dKa_1": 11000000.0, "DH_1": -13.6, "dDH_1": 0.04, "TDS_1": 1.93, "dTDS_1": [], "Ka_2": 170000000.0, "dKa_2": 11000000.0, "DH_2": -13.6, "dDH_2": 0.04, "TDS_2": 1.93, "dTDS_2": [], "n": 1.0, "Ka": 169999999.99999997, "dKa": 16371010.964506745, "DH": -13.6, "dDH": 0.411902901179392, "DG": -11.222729638127547, "dDG": 0.05702770126694105, "TDS": -2.377270361872453, "dTDS": 0.4158318875600949}, "CB8-G4": {"name": "Hydromorphone", "SMILES": "CN(CC1)[C@H]2[C@]([C@]1([C@@]3([H])O4)C5=C4C(O)=CC=C5C2)([H])CCC3=O", "Ka_1": 341000000.0, "dKa_1": 15000000.0, "DH_1": -15.8, "dDH_1": 0.1, "TDS_1": 4.54, "dTDS_1": [], "Ka_2": 341000000.0, "dKa_2": 15000000.0, "DH_2": -15.8, "dDH_2": 0.1, "TDS_2": 4.54, "dTDS_2": [], "n": 1.0, "Ka": 341000000.0000002, "dKa": 23551070.03938463, "DH": -15.8, "dDH": 0.49464734912864944, "DG": -11.634941955018606, "dDG": 0.04089926966999848, "TDS": -4.165058044981395, "dTDS": 0.49633532038284284}, "CB8-G5": {"name": "Ketamine", "SMILES": "O=C1CCCCC1(NC)C2=CC=CC=C2Cl", "Ka_1": 1090000000.0, "dKa_1": 70000000.0, "DH_1": -17.3, "dDH_1": 0.16, "TDS_1": 5.01, "dTDS_1": [], "Ka_2": 1090000000.0, "dKa_2": 70000000.0, "DH_2": -17.3, "dDH_2": 0.16, "TDS_2": 5.01, "dTDS_2": [], "n": 1.0, "Ka": 1089999999.9999986, "dKa": 104255887.1239412, "DH": -17.3, "dDH": 0.5661810664442958, "DG": -12.323093816594985, "dDG": 0.056641321598550703, "TDS": -4.976906183405015, "dTDS": 0.5690072401230327}, "CB8-G6": {"name": "PhenylCyclohexylPiperidine(PCP)", "SMILES": "N1(CCCCC1)C2(C3=CC=CC=C3)CCCCC2", "Ka_1": 21000000000.0, "dKa_1": 2000000000.0, "DH_1": -14.9, "dDH_1": 0.04, "TDS_1": 0.797, "dTDS_1": [], "Ka_2": 21000000000.0, "dKa_2": 2000000000.0, "DH_2": -14.9, "dDH_2": 0.04, "TDS_2": 0.797, "dTDS_2": [], "n": 1.0, "Ka": 20999999999.999977, "dKa": 2897740499.078546, "DH": -14.9, "dDH": 0.4505652006091904, "DG": -14.074988802781268, "dDG": 0.0817145670044831, "TDS": -0.825011197218732, "dTDS": 0.4579151345617768}, "CB8-G7": {"name": "Cocaine", "SMILES": "CN1[C@H]2CC[C@@H]1[C@@H](C(OC)=O)[C@@H](OC(C3=CC=CC=C3)=O)C2", "Ka_1": 810000.0, "dKa_1": 56000.00000000001, "DH_1": -6.57, "dDH_1": 0.1, "TDS_1": -1.22, "dTDS_1": [], "Ka_2": 810000.0, "dKa_2": 56000.00000000001, "DH_2": -6.57, "dDH_2": 0.1, "TDS_2": -1.22, "dTDS_2": [], "n": 1.0, "Ka": 810000.0000000002, "dKa": 82840.14727171845, "DH": -6.57, "dDH": 0.24258691226032786, "DG": -8.056587261670028, "dDG": 0.060564080964743514, "TDS": 1.486587261670028, "dTDS": 0.25003283365011086}}