{"CB8-G1": {"name": "Methamphetamine", "SMILES": "C[C@H](NC)CC1=CC=CC=C1", "Ka": 147000.0, "dKa": 10022.379956876512, "DH": -7.84, "dDH": 0.2555758987072138, "TDS": -0.7940410302944523, "dTDS": 0.25874540137905877, "n": 1.0, "DG": -7.045958969705548, "dDG": 0.04037502612767229}, "CB8-G2": {"name": "Fentanyl", "SMILES": "O=C(CC)N(C1=CC=CC=C1)C(CC2)CCN2CCC3=CC=CC=C3", "Ka": 19000000.0, "dKa": 1065316.8542738822, "DH": -10.8, "dDH": 0.3295087252259035, "TDS": -0.8749661960891544, "n": 1.0, "DG": -9.925033803910846, "dDG": 0.0332035473744611, "dTDS": 0.33117740798286355}, "CB8-G3": {"name": "Morphine", "SMILES": "CN(CC1)[C@H]2[C@]3([H])C=C[C@H](O)[C@@]4([H])[C@]31C5=C(O4)C(O)=CC=C5C2", "Ka": 341000000.0, "dKa": 18156345.998025045, "DH": -13.6, "dDH": 0.4099560952102066, "TDS": -1.9650580449813937, "dTDS": 0.4111668564990971, "n": 1.0, "DG": -11.634941955018606, "dDG": 0.03153068161884789}, "CB8-G4": {"name": "Hydromorphone", "SMILES": "CN(CC1)[C@H]2[C@]([C@]1([C@@]3([H])O4)C5=C4C(O)=CC=C5C2)([H])CCC3=O", "Ka": 170000000.0, "dKa": 12124768.039018312, "DH": -15.8, "dDH": 0.4844336899927585, "TDS": -4.577270361872454, "dTDS": 0.48627141403692986, "n": 1.0, "DG": -11.222729638127547, "dDG": 0.04223609960064088}, "CB8-G5": {"name": "Ketamine", "SMILES": "O=C1CCCCC1(NC)C2=CC=CC=C2Cl", "Ka": 1090000000.0, "dKa": 77261180.42070028, "DH": -17.3, "dDH": 0.5431031209632292, "TDS": -4.976906183405015, "dTDS": 0.5447227996052623, "n": 1.0, "DG": -12.323093816594985, "dDG": 0.04197533096706621}, "CB8-G6": {"name": "PhenylCyclohexylPiperidine(PCP)", "SMILES": "N1(CCCCC1)C2(C3=CC=CC=C3)CCCCC2", "Ka": 21000000000.0, "dKa": 2096878632.6347072, "DH": -14.9, "dDH": 0.44878614060596833, "TDS": -0.825011197218732, "dTDS": 0.45266482521170626, "n": 1.0, "DG": -14.074988802781268, "dDG": 0.059130736372419716}, "CB8-G7": {"name": "Cocaine", "SMILES": "CN1[C@H]2CC[C@@H]1[C@@H](C(OC)=O)[C@@H](OC(C3=CC=CC=C3)=O)C2", "Ka": 645000.0, "dKa": 47153.18122884181, "DH": -8.26, "dDH": 0.2896633218065415, "TDS": -0.3383035510302683, "dTDS": 0.29288062838088824, "n": 1.0, "DG": -7.9216964489697315, "dDG": 0.04329229123971112}}