ID;name;SMILES;Ka;dKa;DH;dDH;TDS;dTDS;n;DG;dDG
CB8-G1;Methamphetamine;C[C@H](NC)CC1=CC=CC=C1;147000.0;10022.379956876512;-7.84;0.2555758987072138;-0.7940410302944523;0.25874540137905877;1.0;-7.045958969705548;0.04037502612767229
CB8-G2;Fentanyl;O=C(CC)N(C1=CC=CC=C1)C(CC2)CCN2CCC3=CC=CC=C3;19000000.0;1065316.8542738822;-10.8;0.3295087252259035;-0.8749661960891544;0.33117740798286355;1.0;-9.925033803910846;0.0332035473744611
CB8-G3;Morphine;CN(CC1)[C@H]2[C@]3([H])C=C[C@H](O)[C@@]4([H])[C@]31C5=C(O4)C(O)=CC=C5C2;341000000.0;18156345.998025045;-13.6;0.4099560952102066;-1.9650580449813937;0.4111668564990971;1.0;-11.634941955018606;0.03153068161884789
CB8-G4;Hydromorphone;CN(CC1)[C@H]2[C@]([C@]1([C@@]3([H])O4)C5=C4C(O)=CC=C5C2)([H])CCC3=O;170000000.0;12124768.039018312;-15.8;0.4844336899927585;-4.577270361872454;0.48627141403692986;1.0;-11.222729638127547;0.04223609960064088
CB8-G5;Ketamine;O=C1CCCCC1(NC)C2=CC=CC=C2Cl;1090000000.0;77261180.42070028;-17.3;0.5431031209632292;-4.976906183405015;0.5447227996052623;1.0;-12.323093816594985;0.04197533096706621
CB8-G6;PhenylCyclohexylPiperidine(PCP);N1(CCCCC1)C2(C3=CC=CC=C3)CCCCC2;21000000000.0;2096878632.6347072;-14.9;0.44878614060596833;-0.825011197218732;0.45266482521170626;1.0;-14.074988802781268;0.059130736372419716
CB8-G7;Cocaine;CN1[C@H]2CC[C@@H]1[C@@H](C(OC)=O)[C@@H](OC(C3=CC=CC=C3)=O)C2;645000.0;47153.18122884181;-8.26;0.2896633218065415;-0.3383035510302683;0.29288062838088824;1.0;-7.9216964489697315;0.04329229123971112
