,Submission,R-squared,Slope,Kendall Tau
0,pKa-3DS-1,0.8060107999090355,0.9186706651772883,0.6398668943087059
1,pKa-RobertRaddi_DeepGP,-0.1412526525239042,-0.29180176186549595,-0.010597862085190504
2,pKa-ZhiyiWu-1,-0.020581050801808363,-0.04038207379238602,0.11885937745424623
3,PKA_ECRISM,0.4939794402818,0.5754309343193519,0.5234928803564822
4,pKa_Chemaxon,0.4960805639602474,0.640182840134194,0.6397451451075941
5,pKa_SabatinoRodriguezPaluch_uESE_extra,0.38331415640647426,0.8268693158572209,0.4080267558528428
