ID,RMSE,RMSE_lower_bound,RMSE_upper_bound,MAE,MAE_lower_bound,MAE_upper_bound,ME,ME_lower_bound,ME_upper_bound
CB8-G2,2.8174044938760283,1.7671934976495458,5.817552295805681,2.2768274010665945,1.3805209797508446,4.46906290298554,-1.3095792584563009,-3.39997006409202,1.1675913525878625
CB8-G5,3.056168510793416,1.8682469623159625,6.210821510298492,2.5218835045650043,1.4455776115801706,4.751663660464893,0.1905425470413802,-2.175978040842847,2.833398993970232
CB8-G1,3.9841447720183294,2.6168830316550498,7.431157251205343,3.4360368756233233,2.111371552044872,5.711050228080805,3.382024868186082,1.4534868036182973,5.624582527163027
CB8-G7,5.090741117941232,3.277663871828948,8.30733328481022,4.211262651664528,2.5181911450671413,6.851131276272144,3.687049101966337,1.1114252867156769,6.534265146078128
CB8-G6,4.643791427912979,3.4658673236180992,6.914368715067889,4.248637381565341,3.0881492300369873,6.256337210626826,0.4550111972187337,-2.6528979745598305,3.770612849529928
CB8-G4,5.221731133026302,3.5670697052458773,8.358253595608625,4.725026384082453,3.0465609266162317,7.025270227696439,3.258694408617758,0.2588793626570636,6.150378225983423
CB8-G3,5.327061419148223,3.43274427684711,8.769612038200567,4.742808412100652,2.9659128640735504,7.220866066231664,3.167270361872454,0.08779191329825764,6.293107343458768
