{"CB8-G2":{"RMSE":2.8174044939,"RMSE_lower_bound":1.7671934976,"RMSE_upper_bound":5.8175522958,"MAE":2.2768274011,"MAE_lower_bound":1.3805209798,"MAE_upper_bound":4.469062903,"ME":-1.3095792585,"ME_lower_bound":-3.3999700641,"ME_upper_bound":1.1675913526},"CB8-G5":{"RMSE":3.0561685108,"RMSE_lower_bound":1.8682469623,"RMSE_upper_bound":6.2108215103,"MAE":2.5218835046,"MAE_lower_bound":1.4455776116,"MAE_upper_bound":4.7516636605,"ME":0.190542547,"ME_lower_bound":-2.1759780408,"ME_upper_bound":2.833398994},"CB8-G1":{"RMSE":3.984144772,"RMSE_lower_bound":2.6168830317,"RMSE_upper_bound":7.4311572512,"MAE":3.4360368756,"MAE_lower_bound":2.111371552,"MAE_upper_bound":5.7110502281,"ME":3.3820248682,"ME_lower_bound":1.4534868036,"ME_upper_bound":5.6245825272},"CB8-G7":{"RMSE":5.0907411179,"RMSE_lower_bound":3.2776638718,"RMSE_upper_bound":8.3073332848,"MAE":4.2112626517,"MAE_lower_bound":2.5181911451,"MAE_upper_bound":6.8511312763,"ME":3.687049102,"ME_lower_bound":1.1114252867,"ME_upper_bound":6.5342651461},"CB8-G6":{"RMSE":4.6437914279,"RMSE_lower_bound":3.4658673236,"RMSE_upper_bound":6.9143687151,"MAE":4.2486373816,"MAE_lower_bound":3.08814923,"MAE_upper_bound":6.2563372106,"ME":0.4550111972,"ME_lower_bound":-2.6528979746,"ME_upper_bound":3.7706128495},"CB8-G4":{"RMSE":5.221731133,"RMSE_lower_bound":3.5670697052,"RMSE_upper_bound":8.3582535956,"MAE":4.7250263841,"MAE_lower_bound":3.0465609266,"MAE_upper_bound":7.0252702277,"ME":3.2586944086,"ME_lower_bound":0.2588793627,"ME_upper_bound":6.150378226},"CB8-G3":{"RMSE":5.3270614191,"RMSE_lower_bound":3.4327442768,"RMSE_upper_bound":8.7696120382,"MAE":4.7428084121,"MAE_lower_bound":2.9659128641,"MAE_upper_bound":7.2208660662,"ME":3.1672703619,"ME_lower_bound":0.0877919133,"ME_upper_bound":6.2931073435}}