{"CB8-G2":{"RMSE":2.8174044939,"RMSE_lower_bound":1.7927653365,"RMSE_upper_bound":5.7905051474,"MAE":2.2768274011,"MAE_lower_bound":1.384615159,"MAE_upper_bound":4.4928232145,"ME":-1.3095792585,"ME_lower_bound":-3.3743304097,"ME_upper_bound":1.1289053808},"CB8-G5":{"RMSE":3.0561685108,"RMSE_lower_bound":1.867864302,"RMSE_upper_bound":6.185734746,"MAE":2.5218835046,"MAE_lower_bound":1.4461477342,"MAE_upper_bound":4.7391358226,"ME":0.190542547,"ME_lower_bound":-2.152240745,"ME_upper_bound":2.7552527184},"CB8-G1":{"RMSE":3.9596478579,"RMSE_lower_bound":2.6194244136,"RMSE_upper_bound":7.4913952125,"MAE":3.4123972066,"MAE_lower_bound":2.09237118,"MAE_upper_bound":5.7900704671,"ME":3.3531319394,"ME_lower_bound":1.389262761,"ME_upper_bound":5.6662590336},"CB8-G6":{"RMSE":4.6437914279,"RMSE_lower_bound":3.4514638683,"RMSE_upper_bound":6.9238227918,"MAE":4.2486373816,"MAE_lower_bound":3.0580099373,"MAE_upper_bound":6.2687395506,"ME":0.4550111972,"ME_lower_bound":-2.6864035383,"ME_upper_bound":3.7215280918},"CB8-G7":{"RMSE":5.1892715058,"RMSE_lower_bound":3.4211517442,"RMSE_upper_bound":8.3701668477,"MAE":4.2971022597,"MAE_lower_bound":2.6007156975,"MAE_upper_bound":6.9623012168,"ME":3.8219399147,"ME_lower_bound":1.2742638122,"ME_upper_bound":6.6368289115},"CB8-G3":{"RMSE":5.0927720005,"RMSE_lower_bound":3.2294374876,"RMSE_upper_bound":8.5503746492,"MAE":4.4804914832,"MAE_lower_bound":2.7722615778,"MAE_upper_bound":6.9922558285,"ME":2.755058045,"ME_lower_bound":-0.2806951138,"ME_upper_bound":5.9351684101},"CB8-G4":{"RMSE":5.488437206,"RMSE_lower_bound":3.7649158863,"RMSE_upper_bound":8.717935235,"MAE":4.912395619,"MAE_lower_bound":3.2180369305,"MAE_upper_bound":7.3555682897,"ME":3.6709067255,"ME_lower_bound":0.693956956,"ME_upper_bound":6.6500029027}}