{"TEMOA-G1":{"RMSE":1.3578383556,"RMSE_lower_bound":0.8587434504,"RMSE_upper_bound":3.3569887313,"MAE":1.0675,"MAE_lower_bound":0.6700000137,"MAE_upper_bound":2.8839433836,"ME":-0.875,"ME_lower_bound":-2.5139165155,"ME_upper_bound":0.7620231544},"TEMOA-G5":{"RMSE":1.5570003211,"RMSE_lower_bound":1.042043795,"RMSE_upper_bound":3.5551886388,"MAE":1.435,"MAE_lower_bound":0.8472610002,"MAE_upper_bound":3.0448921,"ME":-0.8075,"ME_lower_bound":-2.2627996824,"ME_upper_bound":1.2090520943},"TEETOA-G5":{"RMSE":1.9872248237,"RMSE_lower_bound":0.9527084318,"RMSE_upper_bound":3.3829184083,"MAE":1.51625,"MAE_lower_bound":0.7247825523,"MAE_upper_bound":2.889797952,"ME":0.78125,"ME_lower_bound":-0.7222200339,"ME_upper_bound":2.3823533626},"TEETOA-G2":{"RMSE":2.1976180287,"RMSE_lower_bound":1.2640418952,"RMSE_upper_bound":3.5887971783,"MAE":1.825,"MAE_lower_bound":1.004658079,"MAE_upper_bound":3.2162875194,"ME":0.0125,"ME_lower_bound":-1.8733210054,"ME_upper_bound":1.8487221901},"TEETOA-G1":{"RMSE":2.1943336118,"RMSE_lower_bound":1.2676026911,"RMSE_upper_bound":3.383682449,"MAE":1.8325,"MAE_lower_bound":0.9744860787,"MAE_upper_bound":3.0841746976,"ME":0.115,"ME_lower_bound":-1.6529571954,"ME_upper_bound":1.8450943267},"CB8-G5":{"RMSE":2.6656706473,"RMSE_lower_bound":1.6065630325,"RMSE_upper_bound":6.3142202729,"MAE":2.212,"MAE_lower_bound":1.2420628135,"MAE_upper_bound":4.6383536995,"ME":0.776,"ME_lower_bound":-1.5502276699,"ME_upper_bound":3.4645201975},"CB8-G2":{"RMSE":2.953281226,"RMSE_lower_bound":1.8562658125,"RMSE_upper_bound":5.9883054009,"MAE":2.457,"MAE_lower_bound":1.4776883364,"MAE_upper_bound":4.7724538825,"ME":-1.397,"ME_lower_bound":-3.6336778431,"ME_upper_bound":1.2702538236},"TEMOA-G2":{"RMSE":3.1358053192,"RMSE_lower_bound":1.9561643896,"RMSE_upper_bound":4.895912878,"MAE":2.645,"MAE_lower_bound":1.4928160485,"MAE_upper_bound":4.4975628371,"ME":-1.9875,"ME_lower_bound":-4.0260435169,"ME_upper_bound":0.4800495587},"TEMOA-G4":{"RMSE":4.5852221865,"RMSE_lower_bound":1.3282172886,"RMSE_upper_bound":7.2585035606,"MAE":2.87125,"MAE_lower_bound":1.0918375832,"MAE_upper_bound":6.0235540153,"ME":-2.32375,"ME_lower_bound":-5.4928053866,"ME_upper_bound":0.6382331315},"TEETOA-G4":{"RMSE":4.1580885031,"RMSE_lower_bound":1.955255609,"RMSE_upper_bound":6.1501270977,"MAE":3.3975,"MAE_lower_bound":1.7020652918,"MAE_upper_bound":5.3711462455,"ME":-1.3325,"ME_lower_bound":-4.3151287619,"ME_upper_bound":1.3970598267},"CB8-G1":{"RMSE":4.1464309954,"RMSE_lower_bound":2.7591738274,"RMSE_upper_bound":7.6802844393,"MAE":3.701,"MAE_lower_bound":2.2762745814,"MAE_upper_bound":6.1876271897,"ME":3.635,"ME_lower_bound":1.6373041468,"ME_upper_bound":6.0947387007},"CB8-G3":{"RMSE":4.8363550325,"RMSE_lower_bound":2.8592836206,"RMSE_upper_bound":8.5766066429,"MAE":4.213,"MAE_lower_bound":2.4884705595,"MAE_upper_bound":6.8284171253,"ME":3.755,"ME_lower_bound":1.3565655578,"ME_upper_bound":6.5889631005},"CB8-G7":{"RMSE":5.3030604371,"RMSE_lower_bound":3.2814804662,"RMSE_upper_bound":8.6602093808,"MAE":4.339,"MAE_lower_bound":2.3883587839,"MAE_upper_bound":7.2202335001,"ME":3.817,"ME_lower_bound":1.0054156918,"ME_upper_bound":6.8848794633},"CB8-G6":{"RMSE":4.7619890802,"RMSE_lower_bound":3.4904938858,"RMSE_upper_bound":7.1802351445,"MAE":4.35,"MAE_lower_bound":3.075864783,"MAE_upper_bound":6.5142455316,"ME":0.83,"ME_lower_bound":-2.6026128269,"ME_upper_bound":4.2187419033},"CB8-G4":{"RMSE":5.5953811309,"RMSE_lower_bound":3.7493855136,"RMSE_upper_bound":9.004341383,"MAE":4.975,"MAE_lower_bound":3.1556656983,"MAE_upper_bound":7.6175406017,"ME":4.471,"ME_lower_bound":1.803962348,"ME_upper_bound":7.3939581794}}