ID,RMSE,RMSE_lower_bound,RMSE_upper_bound,MAE,MAE_lower_bound,MAE_upper_bound,ME,ME_lower_bound,ME_upper_bound
CB8-G2,2.8174044938760283,1.7927653365104572,5.790505147366175,2.2768274010665945,1.3846151589800155,4.492823214493763,-1.3095792584563009,-3.3743304097236986,1.1289053808440042
CB8-G5,3.056168510793416,1.8678643020199595,6.1857347459935035,2.5218835045650043,1.44614773423004,4.739135822557185,0.1905425470413802,-2.152240744980532,2.755252718440034
CB8-G1,3.9596478578654097,2.619424413590033,7.491395212529709,3.412397206604551,2.092371179990273,5.790070467070021,3.353131939385361,1.3892627609997876,5.666259033618687
CB8-G6,4.643791427912979,3.4514638682617553,6.923822791760064,4.248637381565341,3.0580099373225305,6.268739550579281,0.4550111972187337,-2.68640353833392,3.7215280918242417
CB8-G7,5.189271505800093,3.421151744171733,8.370166847691909,4.297102259746535,2.6007156974976655,6.962301216794578,3.821939914666633,1.274263812180432,6.63682891146041
CB8-G3,5.092772000531589,3.2294374875544167,8.550374649192639,4.4804914831699785,2.7722615777575657,6.992255828500336,2.7550580449813946,-0.2806951138456681,5.9351684100723014
CB8-G4,5.48843720600367,3.76491588633478,8.717935235003603,4.912395619032934,3.2180369304712717,7.355568289743013,3.6709067255088175,0.6939569560378629,6.650002902662322
