{"TEMOA-G1":{"RMSE":2.1623992666,"RMSE_lower_bound":1.3182453223,"RMSE_upper_bound":3.6872452229,"MAE":1.4405882353,"MAE_lower_bound":1.0008707069,"MAE_upper_bound":2.8348097494,"ME":-0.5829411765,"ME_lower_bound":-1.8428949672,"ME_upper_bound":0.7762943905},"TEMOA-G5":{"RMSE":3.018910984,"RMSE_lower_bound":1.723805631,"RMSE_upper_bound":4.6784518889,"MAE":2.1717647059,"MAE_lower_bound":1.3877269364,"MAE_upper_bound":3.6766785432,"ME":0.6482352941,"ME_lower_bound":-0.9257344244,"ME_upper_bound":2.3480450077},"CB8-G2":{"RMSE":2.66403884,"RMSE_lower_bound":2.3243351121,"RMSE_upper_bound":5.1711148104,"MAE":2.2167647059,"MAE_lower_bound":1.8202343101,"MAE_upper_bound":3.6480207145,"ME":0.1867647059,"ME_lower_bound":-1.1120046187,"ME_upper_bound":1.6231510595},"TEETOA-G5":{"RMSE":3.7043519716,"RMSE_lower_bound":1.7561690188,"RMSE_upper_bound":5.5909246144,"MAE":2.3741176471,"MAE_lower_bound":1.3517819814,"MAE_upper_bound":4.1332588316,"ME":2.0282352941,"ME_lower_bound":0.5442952969,"ME_upper_bound":3.7425120882},"TEMOA-G2":{"RMSE":3.0202950771,"RMSE_lower_bound":2.2938273153,"RMSE_upper_bound":4.272667363,"MAE":2.6041176471,"MAE_lower_bound":1.8242876468,"MAE_upper_bound":3.8016731562,"ME":-1.5241176471,"ME_lower_bound":-2.969776348,"ME_upper_bound":0.0789690011},"TEMOA-G4":{"RMSE":4.0936974514,"RMSE_lower_bound":2.2724522175,"RMSE_upper_bound":5.9763747302,"MAE":2.6476470588,"MAE_lower_bound":1.5744165476,"MAE_upper_bound":4.6328729575,"ME":-0.51,"ME_lower_bound":-2.644270427,"ME_upper_bound":1.5969353808},"CB8-G5":{"RMSE":3.4193790286,"RMSE_lower_bound":2.7316332757,"RMSE_upper_bound":5.9528636786,"MAE":2.7641176471,"MAE_lower_bound":2.1345704067,"MAE_upper_bound":4.2182597104,"ME":-0.4970588235,"ME_lower_bound":-1.9661008014,"ME_upper_bound":1.1786290088},"TEETOA-G4":{"RMSE":4.1508999733,"RMSE_lower_bound":2.1447617086,"RMSE_upper_bound":6.2134473652,"MAE":2.8264705882,"MAE_lower_bound":1.6412619116,"MAE_upper_bound":4.6239334232,"ME":0.5605882353,"ME_lower_bound":-1.4346028865,"ME_upper_bound":2.6278889282},"TEETOA-G2":{"RMSE":4.2039966978,"RMSE_lower_bound":2.3329722625,"RMSE_upper_bound":6.5131436406,"MAE":2.9917647059,"MAE_lower_bound":1.8863182978,"MAE_upper_bound":4.7682249492,"ME":0.2388235294,"ME_lower_bound":-1.7458931631,"ME_upper_bound":2.5337221749},"TEETOA-G1":{"RMSE":4.230308708,"RMSE_lower_bound":2.8172149197,"RMSE_upper_bound":5.7174358874,"MAE":3.1864705882,"MAE_lower_bound":2.0364111161,"MAE_upper_bound":4.7831659351,"ME":-0.8664705882,"ME_lower_bound":-2.9781756628,"ME_upper_bound":1.2229554675},"CB8-G1":{"RMSE":4.2460455651,"RMSE_lower_bound":3.5185873313,"RMSE_upper_bound":6.7029575423,"MAE":3.6897058824,"MAE_lower_bound":2.9327243868,"MAE_upper_bound":5.1665736395,"ME":3.4602941176,"ME_lower_bound":2.2105206605,"ME_upper_bound":4.8821117745},"CB8-G7":{"RMSE":5.0070987843,"RMSE_lower_bound":4.0389915716,"RMSE_upper_bound":7.2887293482,"MAE":4.1179411765,"MAE_lower_bound":3.1748041658,"MAE_upper_bound":5.6610294681,"ME":2.2067647059,"ME_lower_bound":0.4138178272,"ME_upper_bound":4.0792147254},"CB8-G6":{"RMSE":4.9377370382,"RMSE_lower_bound":4.0514557643,"RMSE_upper_bound":7.6135915887,"MAE":4.3064705882,"MAE_lower_bound":3.5110391549,"MAE_upper_bound":5.7973716024,"ME":0.8964705882,"ME_lower_bound":-0.9297451934,"ME_upper_bound":2.9019108141},"CB8-G3":{"RMSE":5.2530220994,"RMSE_lower_bound":4.3086826031,"RMSE_upper_bound":7.8813261846,"MAE":4.7470588235,"MAE_lower_bound":3.7578507366,"MAE_upper_bound":6.2189224335,"ME":3.2070588235,"ME_lower_bound":1.5176489681,"ME_upper_bound":5.0134922033},"CB8-G4":{"RMSE":5.6926115686,"RMSE_lower_bound":4.5292188818,"RMSE_upper_bound":8.2978182429,"MAE":4.9826470588,"MAE_lower_bound":3.9119901233,"MAE_upper_bound":6.553301621,"ME":3.4644117647,"ME_lower_bound":1.6890156741,"ME_upper_bound":5.3919346247}}