ID,RMSE,RMSE_lower_bound,RMSE_upper_bound,MAE,MAE_lower_bound,MAE_upper_bound,ME,ME_lower_bound,ME_upper_bound
CB8-G2,2.664391604960494,2.301432570793024,5.139708410618525,2.217348964245783,1.8186880511807104,3.6328849211689453,0.19173090197150675,-1.1172789662552443,1.615791927877559
CB8-G5,3.419830131826935,2.7344432794271962,5.940481816953593,2.7641176470588236,2.1599745231824783,4.239885397394929,-0.5001526401243953,-1.9613353964247584,1.1464904996825913
CB8-G1,4.2493394284072625,3.54405054346318,6.668717614883651,3.6927960819898744,2.9464524503904337,5.152904417762515,3.46433514794151,2.2332327793744335,4.852563563086253
CB8-G7,5.006351344623123,4.006414933889142,7.375258080528521,4.117242638659523,3.125869509291488,5.747600669204621,2.205068256912621,0.40018565616350277,4.049650607207555
CB8-G6,4.936833733988709,4.077818588234915,7.494267580215025,4.305590211273895,3.5332959554571577,5.789240796566207,0.8914817854540279,-0.9957257021867898,2.9033819887911503
CB8-G3,5.2500064112812455,4.277269848470117,7.8168301205108115,4.744151791165527,3.7450676837420094,6.16703737249817,3.2021168685108057,1.5152991753135268,4.990217676338234
CB8-G4,5.690950776507175,4.5523105404944335,8.298318800105028,4.981362523234096,3.9024941384913205,6.526522882796121,3.461682126578336,1.7210494789468471,5.360517752387296
