{"CB8-G2":{"RMSE":2.664391605,"RMSE_lower_bound":2.3014325708,"RMSE_upper_bound":5.1397084106,"MAE":2.2173489642,"MAE_lower_bound":1.8186880512,"MAE_upper_bound":3.6328849212,"ME":0.191730902,"ME_lower_bound":-1.1172789663,"ME_upper_bound":1.6157919279},"CB8-G5":{"RMSE":3.4198301318,"RMSE_lower_bound":2.7344432794,"RMSE_upper_bound":5.940481817,"MAE":2.7641176471,"MAE_lower_bound":2.1599745232,"MAE_upper_bound":4.2398853974,"ME":-0.5001526401,"ME_lower_bound":-1.9613353964,"ME_upper_bound":1.1464904997},"CB8-G1":{"RMSE":4.2493394284,"RMSE_lower_bound":3.5440505435,"RMSE_upper_bound":6.6687176149,"MAE":3.692796082,"MAE_lower_bound":2.9464524504,"MAE_upper_bound":5.1529044178,"ME":3.4643351479,"ME_lower_bound":2.2332327794,"ME_upper_bound":4.8525635631},"CB8-G7":{"RMSE":5.0063513446,"RMSE_lower_bound":4.0064149339,"RMSE_upper_bound":7.3752580805,"MAE":4.1172426387,"MAE_lower_bound":3.1258695093,"MAE_upper_bound":5.7476006692,"ME":2.2050682569,"ME_lower_bound":0.4001856562,"ME_upper_bound":4.0496506072},"CB8-G6":{"RMSE":4.936833734,"RMSE_lower_bound":4.0778185882,"RMSE_upper_bound":7.4942675802,"MAE":4.3055902113,"MAE_lower_bound":3.5332959555,"MAE_upper_bound":5.7892407966,"ME":0.8914817855,"ME_lower_bound":-0.9957257022,"ME_upper_bound":2.9033819888},"CB8-G3":{"RMSE":5.2500064113,"RMSE_lower_bound":4.2772698485,"RMSE_upper_bound":7.8168301205,"MAE":4.7441517912,"MAE_lower_bound":3.7450676837,"MAE_upper_bound":6.1670373725,"ME":3.2021168685,"ME_lower_bound":1.5152991753,"ME_upper_bound":4.9902176763},"CB8-G4":{"RMSE":5.6909507765,"RMSE_lower_bound":4.5523105405,"RMSE_upper_bound":8.2983188001,"MAE":4.9813625232,"MAE_lower_bound":3.9024941385,"MAE_upper_bound":6.5265228828,"ME":3.4616821266,"ME_lower_bound":1.7210494789,"ME_upper_bound":5.3605177524}}