{"CB8-G2":{"RMSE":2.664391605,"RMSE_lower_bound":2.322058545,"RMSE_upper_bound":5.0595627133,"MAE":2.2173489642,"MAE_lower_bound":1.8346234789,"MAE_upper_bound":3.5794082344,"ME":0.191730902,"ME_lower_bound":-1.0959194463,"ME_upper_bound":1.5707803688},"CB8-G5":{"RMSE":3.4198301318,"RMSE_lower_bound":2.7368655297,"RMSE_upper_bound":5.9387220651,"MAE":2.7641176471,"MAE_lower_bound":2.150863671,"MAE_upper_bound":4.2465496627,"ME":-0.5001526401,"ME_lower_bound":-1.9290878766,"ME_upper_bound":1.1100616101},"CB8-G1":{"RMSE":4.2729275628,"RMSE_lower_bound":3.566038059,"RMSE_upper_bound":6.7216488637,"MAE":3.7148906746,"MAE_lower_bound":2.9768220811,"MAE_upper_bound":5.1399847077,"ME":3.4932280767,"ME_lower_bound":2.2677096176,"ME_upper_bound":4.8644933426},"CB8-G7":{"RMSE":4.9484201942,"RMSE_lower_bound":3.9638826505,"RMSE_upper_bound":7.2900371192,"MAE":4.0616993628,"MAE_lower_bound":3.0956754021,"MAE_upper_bound":5.6602978565,"ME":2.0701774442,"ME_lower_bound":0.2436920379,"ME_upper_bound":3.9764970897},"CB8-G6":{"RMSE":4.936833734,"RMSE_lower_bound":4.0659884348,"RMSE_upper_bound":7.6182968317,"MAE":4.3055902113,"MAE_lower_bound":3.5267284955,"MAE_upper_bound":5.8248001442,"ME":0.8914817855,"ME_lower_bound":-0.9105947543,"ME_upper_bound":2.9238219717},"CB8-G4":{"RMSE":5.4500407077,"RMSE_lower_bound":4.3691355395,"RMSE_upper_bound":8.1473975939,"MAE":4.7873802565,"MAE_lower_bound":3.7591486996,"MAE_upper_bound":6.376198989,"ME":3.0494698097,"ME_lower_bound":1.3008153556,"ME_upper_bound":4.9623048435},"CB8-G3":{"RMSE":5.511115163,"RMSE_lower_bound":4.5319554692,"RMSE_upper_bound":8.0723447732,"MAE":4.9866296246,"MAE_lower_bound":3.9744996032,"MAE_upper_bound":6.4335382892,"ME":3.6143291854,"ME_lower_bound":1.9198368192,"ME_upper_bound":5.4191862991}}