ID,RMSE,RMSE_lower_bound,RMSE_upper_bound,MAE,MAE_lower_bound,MAE_upper_bound,ME,ME_lower_bound,ME_upper_bound
CB8-G2,2.664391604960494,2.322058544956468,5.059562713319598,2.217348964245783,1.8346234788514677,3.5794082344434184,0.19173090197150675,-1.0959194463273076,1.5707803688233037
CB8-G5,3.419830131826935,2.73686552968064,5.938722065132476,2.7641176470588236,2.1508636709857036,4.246549662688836,-0.5001526401243953,-1.9290878766316675,1.1100616100546166
CB8-G1,4.272927562771672,3.5660380590469742,6.721648863651335,3.7148906746021915,2.9768220810530313,5.1399847076869944,3.493228076742232,2.267709617601305,4.864493342590071
CB8-G7,4.94842019423286,3.96388265051347,7.290037119205034,4.061699362841754,3.0956754020938466,5.660297856521145,2.0701774442123266,0.24369203791268113,3.9764970897480367
CB8-G6,4.936833733988709,4.065988434809561,7.618296831746603,4.305590211273895,3.526728495486907,5.824800144244598,0.8914817854540279,-0.9105947543240298,2.9238219716981417
CB8-G4,5.450040707678234,4.369135539457036,8.147397593909485,4.787380256461833,3.759148699599939,6.3761989889567365,3.0494698096872765,1.3008153555585946,4.962304843539901
CB8-G3,5.511115162953905,4.53195546919343,8.072344773197171,4.986629624630854,3.974499603183649,6.433538289228706,3.614329185401865,1.9198368192373745,5.419186299136263
