method name,file name,category,type,RMSE,RMSE_lower_bound,RMSE_upper_bound,MAE,MAE_lower_bound,MAE_upper_bound,ME,ME_lower_bound,ME_upper_bound,R2,R2_lower_bound,R2_upper_bound,m,m_lower_bound,m_upper_bound,kendall_tau,kendall_tau_lower_bound,kendall_tau_upper_bound,ES,ES_lower_bound,ES_upper_bound
Deep Gaussian Process,pKa-RobertRaddi_DeepGP,QSPR/ML,Standard,3.0940448092641626,1.812025834169914,4.1895113153572865,2.284662243382113,1.3332844874747498,3.3790931053488067,-1.0605308512877674,-2.551642947154037,0.30092103873110987,0.0831885956861775,0.00038575546117181097,0.37676242255665476,0.5284503575124311,-0.47833577494116697,1.2915010612282725,0.13333333333333333,-0.2280701754385965,0.4464285714285714,0.7831944716366828,0.3818660401574975,0.8182035719724163
Chemaxon,pKa_Chemaxon,Other,Standard,3.2028209141475115,2.1584050507195824,4.273407283833528,2.7008452328208765,1.910405909112101,3.63492297129772,-0.9716862644895216,-2.5587180879408065,0.5105305584438329,0.10457516567184813,0.00038391518725243917,0.7055325703644574,0.6636350226080051,-0.23855731500009933,2.834859147415152,0.23809523809523814,-0.14583333333333337,0.5510204081632654,-0.0,-0.0,0.0070337256266904515
EC_RISM,PKA_ECRISM,QM+LEC,Standard,5.599432072509929,3.6606683649647276,7.186075657252254,4.18611711420281,2.454192351543764,6.042228711882199,-4.001101144410109,-5.942981350030651,-2.165087911426239,0.1598916991993818,0.002816894915566985,0.6812258966664517,1.0676615187812946,-0.004563325091208158,3.1698027039266887,0.2833333333333333,-0.08108108108108109,0.631578947368421,0.3436228762861929,0.08520234650887919,0.4674309498430102
QM with linear fitting,pKa-ZhiyiWu-1,QM,Standard,6.2503321090831685,4.30426215577707,7.867693926972046,4.942718357229914,3.0569872799629,6.826664228435274,-4.817598552143337,-6.771608989575138,-2.839823680829581,0.21039137484566214,0.026266022047217258,0.6180078108034494,1.276720720385589,0.3139564613641642,3.41223416580059,0.33333333333333337,0.0,0.6460176991150443,0.27151631171731677,0.035110618025190894,0.40549065674693824
