{"DDM\/AMOEBA\/BAR":{"sid":"44","RMSE":0.8358428879,"RMSE_lower_bound":0.4570073165,"RMSE_upper_bound":1.4833651055,"MAE":0.6744444444,"MAE_lower_bound":0.3561337431,"MAE_upper_bound":1.2779247774,"ME":0.1211111111,"ME_lower_bound":-0.6194195752,"ME_upper_bound":0.7796535711,"R2":0.7771208602,"R2_lower_bound":0.1830883512,"R2_upper_bound":0.9770135228,"m":0.9737511884,"m_lower_bound":0.4143966812,"m_upper_bound":1.3655316675,"kendall_tau":0.7222222222,"kendall_tau_lower_bound":0.1612903226,"kendall_tau_upper_bound":1.0},"ATM\/GAFF2-AM1BCC\/TIP3P\/HREM":{"sid":"37","RMSE":1.7084756038,"RMSE_lower_bound":1.2092769431,"RMSE_upper_bound":4.1857373113,"MAE":1.3822222222,"MAE_lower_bound":0.9500211258,"MAE_upper_bound":3.6032389804,"ME":-0.0688888889,"ME_lower_bound":-2.0603241499,"ME_upper_bound":2.1683087042,"R2":0.7898717694,"R2_lower_bound":0.0735482234,"R2_upper_bound":0.9518750565,"m":1.6567812875,"m_lower_bound":0.4431424445,"m_upper_bound":3.0874486866,"kendall_tau":0.6666666667,"kendall_tau_lower_bound":0.0,"kendall_tau_upper_bound":1.0},"PMF\/GAFF2-AM1BCC\/TIP3P\/MD-US":{"sid":"38","RMSE":1.7903568856,"RMSE_lower_bound":1.2769815373,"RMSE_upper_bound":4.3439001601,"MAE":1.4888888889,"MAE_lower_bound":0.9900932678,"MAE_upper_bound":3.6863319361,"ME":0.1866666667,"ME_lower_bound":-1.7782067291,"ME_upper_bound":2.4365670594,"R2":0.6891257661,"R2_lower_bound":0.0288476421,"R2_upper_bound":0.9328634773,"m":1.4994818148,"m_lower_bound":0.2312445162,"m_upper_bound":2.9586671357,"kendall_tau":0.6666666667,"kendall_tau_lower_bound":-0.0666666667,"kendall_tau_upper_bound":1.0},"AM1BCC\/MMPBSA\/TIP4PEW\/MD_NR3":{"sid":"42","RMSE":1.87273122,"RMSE_lower_bound":1.1076813554,"RMSE_upper_bound":3.1366595986,"MAE":1.5344444444,"MAE_lower_bound":0.8642838336,"MAE_upper_bound":2.7840131768,"ME":0.7188888889,"ME_lower_bound":-0.7318269416,"ME_upper_bound":2.1658804425,"R2":0.0028066786,"R2_lower_bound":0.0002180724,"R2_upper_bound":0.7707073057,"m":0.0261868065,"m_lower_bound":-0.7713382617,"m_upper_bound":0.7004188661,"kendall_tau":0.1972026594,"kendall_tau_lower_bound":-0.724137931,"kendall_tau_upper_bound":0.7333333333},"AM1BCC\/MMPBSA\/TIP4PEW\/MD":{"sid":"43","RMSE":1.9482014498,"RMSE_lower_bound":1.1733272295,"RMSE_upper_bound":3.1660466505,"MAE":1.5377777778,"MAE_lower_bound":0.8893947018,"MAE_upper_bound":2.7735893003,"ME":1.0022222222,"ME_lower_bound":-0.3806168022,"ME_upper_bound":2.3805750498,"R2":0.0175785972,"R2_lower_bound":0.0002329516,"R2_upper_bound":0.7558238548,"m":0.0654005823,"m_lower_bound":-0.6230460673,"m_upper_bound":0.70410542,"kendall_tau":0.1972026594,"kendall_tau_lower_bound":-0.6363636364,"kendall_tau_upper_bound":0.75},"AM1BCC\/MMPBSA\/TIP4PEW\/MD_NR2":{"sid":"41","RMSE":1.992039714,"RMSE_lower_bound":1.1761785446,"RMSE_upper_bound":3.2849523838,"MAE":1.5688888889,"MAE_lower_bound":0.8941853703,"MAE_upper_bound":2.9061867415,"ME":0.9888888889,"ME_lower_bound":-0.4770012766,"ME_upper_bound":2.473367179,"R2":0.0028066786,"R2_lower_bound":0.0002151121,"R2_upper_bound":0.769601547,"m":0.0261868065,"m_lower_bound":-0.7397777736,"m_upper_bound":0.6993439413,"kendall_tau":0.1972026594,"kendall_tau_lower_bound":-0.7058823529,"kendall_tau_upper_bound":0.75},"ML\/NNET\/CORINA-descriptors-8":{"sid":"39","RMSE":2.2543636698,"RMSE_lower_bound":1.3680955358,"RMSE_upper_bound":3.6731872057,"MAE":1.9266666667,"MAE_lower_bound":1.0770726024,"MAE_upper_bound":3.2978699481,"ME":0.52,"ME_lower_bound":-1.3200651629,"ME_upper_bound":2.3310168697,"R2":0.5386817882,"R2_lower_bound":0.0008691489,"R2_upper_bound":0.8879866041,"m":-0.3471397949,"m_lower_bound":-1.1150813447,"m_upper_bound":0.3808886699,"kendall_tau":-0.6111111111,"kendall_tau_lower_bound":-0.9310344828,"kendall_tau_upper_bound":0.5},"SILCS\/LGFE\/TIP3P\/GCMC-MD":{"sid":"36","RMSE":2.2651735278,"RMSE_lower_bound":1.3332815876,"RMSE_upper_bound":3.6023904333,"MAE":1.8877777778,"MAE_lower_bound":1.0486759843,"MAE_upper_bound":3.1808525904,"ME":-0.1944444444,"ME_lower_bound":-1.9347847951,"ME_upper_bound":1.5274882082,"R2":0.256338905,"R2_lower_bound":0.0005106152,"R2_upper_bound":0.8464017173,"m":-0.3179280269,"m_lower_bound":-1.0416957073,"m_upper_bound":0.4028231229,"kendall_tau":-0.2535462764,"kendall_tau_lower_bound":-0.875,"kendall_tau_upper_bound":0.5},"SILCS\/LGFE\/TIP3P\/GCMC-MD_NR":{"sid":"35","RMSE":2.3980964673,"RMSE_lower_bound":1.3398143502,"RMSE_upper_bound":4.2559266485,"MAE":1.7377777778,"MAE_lower_bound":1.0143174201,"MAE_upper_bound":3.668552446,"ME":-1.6266666667,"ME_lower_bound":-3.3621131776,"ME_upper_bound":0.1538715989,"R2":0.0005557114,"R2_lower_bound":0.0002901664,"R2_upper_bound":0.8211622051,"m":-0.0109483232,"m_lower_bound":-1.0736122255,"m_upper_bound":0.9165672619,"kendall_tau":0.0,"kendall_tau_lower_bound":-0.75,"kendall_tau_upper_bound":0.75},"APR\/OPENFF1.2.0-AM1BCC\/TIP3P\/US\/TI":{"sid":"48","RMSE":2.9592360125,"RMSE_lower_bound":1.518917145,"RMSE_upper_bound":4.6481362599,"MAE":2.3077777778,"MAE_lower_bound":1.1842259111,"MAE_upper_bound":3.9654350909,"ME":-0.9944444444,"ME_lower_bound":-3.0921758144,"ME_upper_bound":0.9658240563,"R2":0.4681584084,"R2_lower_bound":0.0738080489,"R2_upper_bound":0.906267223,"m":1.563890316,"m_lower_bound":0.4540214341,"m_upper_bound":3.5118181185,"kendall_tau":0.5,"kendall_tau_lower_bound":-0.0322580645,"kendall_tau_upper_bound":0.8787878788},"APR\/OPENFF1.2.0-AM1BCC\/TIP3P\/US\/MBAR":{"sid":"49","RMSE":2.9772899683,"RMSE_lower_bound":1.542588475,"RMSE_upper_bound":4.6488841518,"MAE":2.3122222222,"MAE_lower_bound":1.1971933335,"MAE_upper_bound":3.9441878934,"ME":-1.0611111111,"ME_lower_bound":-3.1350519081,"ME_upper_bound":0.8988975966,"R2":0.4644987626,"R2_lower_bound":0.0844390174,"R2_upper_bound":0.9006194447,"m":1.5526231096,"m_lower_bound":0.4638851579,"m_upper_bound":3.4446038381,"kendall_tau":0.5,"kendall_tau_lower_bound":-0.0303030303,"kendall_tau_upper_bound":0.875},"APR\/GAFF2-AM1BCC\/TIP3P\/US\/MBAR":{"sid":"51","RMSE":3.1529668568,"RMSE_lower_bound":1.4189709963,"RMSE_upper_bound":5.0676064353,"MAE":2.3,"MAE_lower_bound":1.0855286803,"MAE_upper_bound":4.1472382538,"ME":-1.5888888889,"ME_lower_bound":-3.672923342,"ME_upper_bound":0.3112939916,"R2":0.3474448809,"R2_lower_bound":0.0222999015,"R2_upper_bound":0.8686409724,"m":1.2421091171,"m_lower_bound":0.1286514857,"m_upper_bound":3.2940978991,"kendall_tau":0.4444444444,"kendall_tau_lower_bound":-0.1333333333,"kendall_tau_upper_bound":0.8709677419},"APR\/GAFF2-AM1BCC\/TIP3P\/US\/TI":{"sid":"50","RMSE":3.2222007662,"RMSE_lower_bound":1.5685258209,"RMSE_upper_bound":5.0445054876,"MAE":2.4622222222,"MAE_lower_bound":1.2502674941,"MAE_upper_bound":4.2225864833,"ME":-1.4111111111,"ME_lower_bound":-3.5537799304,"ME_upper_bound":0.6611724682,"R2":0.2605747469,"R2_lower_bound":0.0036141151,"R2_upper_bound":0.845679277,"m":1.0845291453,"m_lower_bound":-0.0926903276,"m_upper_bound":3.2242721198,"kendall_tau":0.3333333333,"kendall_tau_lower_bound":-0.2903225806,"kendall_tau_upper_bound":0.8620689655},"DDM\/C36\/TIP3P\/MD\/MBAR":{"sid":"45","RMSE":4.2582677751,"RMSE_lower_bound":1.8386773436,"RMSE_upper_bound":6.3763451698,"MAE":3.1066666667,"MAE_lower_bound":1.436353744,"MAE_upper_bound":5.3679406284,"ME":-3.0355555556,"ME_lower_bound":-5.2558994909,"ME_upper_bound":-0.961140682,"R2":0.0338017181,"R2_lower_bound":0.0002109112,"R2_upper_bound":0.6307804687,"m":0.3296071241,"m_lower_bound":-1.03538953,"m_upper_bound":2.0057085872,"kendall_tau":0.2222222222,"kendall_tau_lower_bound":-0.4838709677,"kendall_tau_upper_bound":0.7931034483},"LiGaMD\/GAFF2\/RESP\/TIP4P\/Sampling":{"sid":"47","RMSE":4.3152919304,"RMSE_lower_bound":1.6538739231,"RMSE_upper_bound":6.5290480492,"MAE":3.0188888889,"MAE_lower_bound":1.2798358546,"MAE_upper_bound":5.4050250095,"ME":1.8211111111,"ME_lower_bound":-0.7533293718,"ME_upper_bound":4.6186735974,"R2":0.0001191597,"R2_lower_bound":0.000175238,"R2_upper_bound":0.6534514557,"m":-0.0245348144,"m_lower_bound":-1.6588415443,"m_upper_bound":1.9407503215,