,Submission,R-squared,Slope,Kendall Tau
0,logD-davyguan-1,0.1523226817925532,0.5675579604249772,0.1941427704376989
1,logD_SabatinoRodriguezPaluch_uESE_extra,0.17837053816642687,3.114305462301039,0.2289569659646447
2,logD_SAMPL8_ShuzheWang_ranked,0.08421128471190295,0.4472194794423161,0.1497814059332347
3,logD-3DS-1,0.5659902456208167,1.7065782613847305,0.4073600358335701
4,logD-ECRISM-1,0.2600281597730869,1.0655258896480906,0.1972203568210306
